Muestra;Estacion;MuestraNew;X;Y;Z;Formacion Geologica;Unidad;Litologia;Abreviacion;Uni-Lito;Agua [%];Porosidad [%];Densidad [gr/cm3];Rho Dry [Ohm*m];Rho Wet [Ohm*m];M Dry [mV/V];M Wet [mV/V];Vp [m/s];Peak Load [kN];Is50 [MPa];LF [SI];HF [SI];FD [%];Distancia Falla [m];
Ls5-12;LSN-01;LSN-01;1114949.39;1246238.02;1745.00;Fm. Los Santos;K1ls_ms;arenisca;Ar;K1ls_ms [Ar];6.39;10.98;2.66;81106.66;916.49;8.65;22.49;1059.00;1.32;0.41;1.47E-05;2.38E-05;-61.45;1579.23;
Ls5-13a;LSN-02;LSN-02a;1115819.32;1247030.08;1761.00;Fm. Los Santos;K1ls_ms;arenisca;Ar;K1ls_ms [Ar];6.07;9.89;2.65;27840.54;816.88;9.65;21.16;1294.00;1.82;0.61;7.52E-06;3.03E-06;59.76;577.10;
Ls5-13b;LSN-02;LSN-02b;1115819.32;1247030.08;1761.00;Fm. Los Santos;K1ls_ms;arenisca;Ar;K1ls_ms [Ar];6.76;7.84;2.61;18728.80;315.44;9.83;14.52;2550.00;0.52;0.33;2.12E-05;3.18E-05;-49.71;577.10;
Ls6-01;LSN-03;LSN-03;1115324.37;1256812.13;1677.00;Fm. Los Santos;K1ls_ms;arenisca;Ar;K1ls_ms [Ar];4.07;7.24;2.64;1600804.29;497.95;47.46;7.52;3297.00;0.72;0.24;3.39E-06;1.66E-06;50.98;21.24;
Ls6-02;LSN-04;LSN-04;1115076.27;1257212.30;1608.00;Fm. Los Santos;K1ls_ms;arenisca;Ar;K1ls_ms [Ar];0.68;20.17;2.76;14030.35;662.24;9.74;33.65;2175.00;0.42;0.13;2.14E-05;3.64E-05;-69.97;211.66;
Ls6-03;LSN-05;LSN-05;1114601.39;1257700.61;1523.00;Fm. Los Santos;K1ls_mi;arenisca;Ar;K1ls_mi [Ar];4.87;7.38;2.65;1773.65;163.71;13.72;13.94;3745.00;4.52;1.36;1.19E-05;8.04E-06;32.71;226.09;
Ls6-04a;LSN-06;LSN-06a;1115132.61;1257617.41;1443.00;Fm. Jordan;J1-2j;arenisca;Ar;J1-2j [Ar];2.30;8.64;2.64;514420.48;1354.95;17.02;10.78;2138.00;8.72;2.85;3.76E-06;4.36E-06;-15.79;447.67;
Ls6-04b;LSN-06;LSN-06b;1115132.61;1257617.41;1443.00;Fm. Jordan;J1-2j;arenisca;Ar;J1-2j [Ar];2.25;7.24;2.63;424014.55;1708.79;13.07;13.13;1607.00;10.02;3.21;8.17E-06;1.03E-05;-25.97;447.67;
Ls6-16-2;LSN-06;LSN-06c;1115132.61;1257617.41;1443.00;Fm. Jordan;J1-2j;arenisca;Ar;J1-2j [Ar];1.75;2.49;2.63;13364.01;395.97;6.91;9.08;2476.00;11.62;3.53;5.74E-06;7.90E-06;-37.51;447.67;
Ls6-05a;LSN-07;LSN-07a;1115089.35;1259669.04;1195.00;Granito de Pescadero;J1gp;granito;Gr;J1gp [Gr];5.71;6.45;2.68;21361.68;556.40;16.99;13.73;3475.00;0.42;0.18;1.08E-04;9.55E-05;11.97;777.10;
Ls6-05b;LSN-07;LSN-07b;1115089.35;1259669.04;1195.00;Granito de Pescadero;J1gp;granito;Gr;J1gp [Gr];5.23;5.10;2.65;10746.13;466.50;11.15;11.69;3443.00;1.52;0.63;4.65E-05;6.49E-05;-39.63;777.10;
Ls6-07a;LSN-08;LSN-08a;1117932.04;1257159.17;1335.00;Granito de Pescadero;J1gp;granito;Gr;J1gp [Gr];2.96;1.59;2.55;39274.21;990.86;8.76;5.69;4464.00;3.42;2.14;1.28E-04;1.24E-04;2.64;415.39;
Ls6-07b;LSN-08;LSN-08b;1117932.04;1257159.17;1335.00;Granito de Pescadero;J1gp;granito;Gr;J1gp [Gr];2.64;3.73;2.59;185999.77;2371.57;11.75;11.38;2691.00;6.52;2.23;1.14E-04;9.55E-05;15.85;415.39;
Ls6-08a;LSN-09;LSN-09a;1117352.24;1257070.44;1466.00;Granito de Pescadero;J1gp;granito;Gr;J1gp [Gr];1.15;1.24;2.59;92732.03;3674.43;8.87;7.49;2764.00;16.52;5.03;2.38E-04;2.65E-04;-11.23;968.88;
Ls6-08b;LSN-09;LSN-09b;1117352.24;1257070.44;1466.00;Granito de Pescadero;J1gp;granito;Gr;J1gp [Gr];1.13;1.19;2.59;95388.76;3943.40;11.63;9.15;3280.00;13.52;4.23;2.81E-04;2.99E-04;-6.34;968.88;
Ls6-09a;LSN-10;LSN-10a;1117031.75;1256359.59;1546.00;Silgara;Oss;metaarenisca;Ma;Oss [Ma];3.77;8.20;2.68;5955.15;1449.81;3.33;2.79;2969.00;2.82;1.25;1.36E-04;1.35E-04;0.86;505.42;
Ls6-09b;LSN-10;LSN-10b;1117031.75;1256359.59;1546.00;Silgara;Oss;metaarenisca;Ma;Oss [Ma];2.17;4.99;2.64;378354.84;1964.42;15.91;2.79;2893.00;2.52;1.58;1.94E-04;1.97E-04;-1.50;505.42;
Ls6-09c;LSN-10;LSN-10c;1117031.75;1256359.59;1546.00;Silgara;Oss;metaarenisca;Ma;Oss [Ma];11.10;5.92;2.63;1052003.40;5371.57;28.76;4.73;1823.00;2.02;0.87;1.16E-04;1.11E-04;3.95;505.42;
Ls6-10a;LSN-11;LSN-11a;1115978.30;1256522.04;1595.00;Fm. Los Santos;K1ls_mi;arenisca;Ar;K1ls_mi [Ar];2.71;5.47;2.63;1135279.79;1565.94;31.31;7.57;2330.00;13.02;4.60;5.49E-06;1.05E-05;-91.71;71.11;
Ls6-10b;LSN-11;LSN-11b;1115978.30;1256522.04;1595.00;Fm. Los Santos;K1ls_mi;arenisca;Ar;K1ls_mi [Ar];2.69;3.61;2.61;154014.84;822.71;7.30;6.06;1992.00;8.02;5.01;6.80E-06;4.26E-06;37.37;71.11;
Ls6-10c;LSN-11;LSN-11c;1115978.30;1256522.04;1595.00;Fm. Los Santos;K1ls_mi;arenisca;Ar;K1ls_mi [Ar];2.98;19.67;3.11;513938.96;1760.45;22.33;11.02;1878.00;10.22;3.15;9.51E-07;2.51E-07;73.59;71.11;
Ls6-16a;LSN-12;LSN-12a;1115350.15;1245772.74;1332.00;Silgara;Oss;esquisto;Es;Oss [Es];2.08;1.64;2.80;154.12;205.46;3.63;7.66;999.00;2.52;1.58;4.08E-02;4.10E-02;-0.55;1600.39;
Ls6-16b;LSN-12;LSN-12b;1115350.15;1245772.74;1332.00;Silgara;Oss;esquisto;Es;Oss [Es];1.77;1.04;2.80;755.21;235.02;3.25;7.51;5172.00;0.72;0.25;3.60E-02;3.64E-02;-1.19;1600.39;
Ls6-17a;LSN-13;LSN-13a;1116394.99;1246729.09;1423.00;Silgara;Oss;esquisto;Es;Oss [Es];2.70;3.62;2.77;3991.85;337.80;13.25;6.26;5191.00;1.92;0.63;1.46E-02;1.44E-02;1.42;590.57;
Ls6-17b;LSN-13;LSN-13b;1116394.99;1246729.09;1423.00;Silgara;Oss;esquisto;Es;Oss [Es];6.24;6.94;2.72;7265.90;205.23;10.41;7.52;1141.00;0.52;0.25;1.97E-04;1.88E-04;4.71;590.57;
Ls6-18;LSN-14;LSN-14;1115885.56;1247669.26;1600.00;Fm. Los Santos;K1ls_mi;conglomerado;Cg;K1ls_mi [Cg];3.10;4.76;2.64;52997.47;875.56;8.16;11.92;1523.00;5.32;1.64;3.88E-05;2.51E-05;35.47;48.51;
Ls6-19;LSN-15;LSN-15;1115415.29;1249359.05;1656.00;Fm. Los Santos;K1ls_ms;arenisca;Ar;K1ls_ms [Ar];8.63;16.52;2.64;284470.00;423.59;11.86;7.51;1574.00;0.42;0.13;6.58E-06;1.92E-06;70.84;144.59;
Ls6-20;LSN-16;LSN-16;1109213.89;1259211.57;1571.00;Fm. Los Santos;K1ls_ms;arenisca;Ar;K1ls_ms [Ar];7.83;10.99;2.64;811348.12;336.06;24.81;7.32;2004.00;1.52;0.46;5.32E-06;4.41E-06;17.09;105.37;
Ls6-21a;LSN-17;LSN-17a;1108151.94;1258793.79;1526.00;Fm. Los Santos;K1ls_ms;arenisca;Ar;K1ls_ms [Ar];7.46;11.19;2.64;109009.52;314.29;13.37;17.71;3348.00;2.02;0.82;1.64E-05;3.67E-06;77.60;20.17;
Ls6-21b;LSN-17;LSN-17b;1108151.94;1258793.79;1526.00;Fm. Los Santos;K1ls_ms;arenisca;Ar;K1ls_ms [Ar];8.55;9.12;2.64;35134.75;181.57;10.50;13.03;1707.00;1.42;0.65;3.27E-05;1.56E-05;52.37;20.17;
Ls6-22a;LSN-18;LSN-18a;1109258.15;1258826.80;1545.00;Fm. Los Santos;K1ls_ms;arenisca;Ar;K1ls_ms [Ar];7.59;10.08;2.65;163010.98;329.54;14.65;10.72;2134.00;2.62;0.90;1.11E-05;9.54E-06;13.91;129.74;
Ls6-22b;LSN-18;LSN-18b;1109258.15;1258826.80;1545.00;Fm. Los Santos;K1ls_ms;arenisca;Ar;K1ls_ms [Ar];7.85;8.37;2.60;69197.49;130.83;11.40;6.32;1831.00;2.52;0.57;1.11E-05;6.33E-06;42.89;129.74;
Ls6-23a;LSN-19;LSN-19a;1110025.20;1259463.75;1581.00;Fm. Los Santos;K1ls_ms;arenisca;Ar;K1ls_ms [Ar];2.54;4.23;2.64;114405.27;1061.49;15.72;16.15;3295.00;11.52;3.70;5.58E-06;4.68E-06;16.00;863.16;
Ls6-23b;LSN-19;LSN-19b;1110025.20;1259463.75;1581.00;Fm. Los Santos;K1ls_ms;arenisca;Ar;K1ls_ms [Ar];2.40;2.74;2.61;113779.79;1168.82;15.04;16.68;1823.00;10.72;3.74;4.02E-06;5.12E-06;-27.24;863.16;
Ls6-24;LSN-20;LSN-20;1111699.38;1259207.81;1584.00;Fm. Los Santos;K1ls_ms;arenisca;Ar;K1ls_ms [Ar];2.48;7.15;2.65;12104.69;487.48;4.60;11.84;1463.00;7.32;2.23;2.25E-06;3.80E-06;-68.99;851.33;
Ls6-25;LSN-21;LSN-21;1112028.87;1256675.12;1611.00;Fm. Los Santos;K1ls_ms;arenisca;Ar;K1ls_ms [Ar];5.67;10.72;2.64;775607.95;110.44;16.34;2.95;1747.00;3.72;1.13;7.44E-06;1.46E-06;80.41;333.67;
Ls6-26a;LSN-22;LSN-22a;1112361.89;1256109.06;1589.03;Fm. Los Santos;K1ls_ms;arenisca;Ar;K1ls_ms [Ar];4.33;9.58;2.63;645172.88;300.56;5.92;2.71;1798.00;4.32;2.69;2.22E-06;2.25E-06;-1.29;102.00;
Ls6-26b;LSN-22;LSN-22b;1112361.89;1256109.06;1589.03;Fm. Los Santos;K1ls_ms;arenisca;Ar;K1ls_ms [Ar];2.25;10.88;2.61;702955.82;258.12;6.67;2.95;2930.00;3.32;2.07;4.27E-06;2.01E-06;52.95;102.00;
Ls6-26c;LSN-22;LSN-22c;1112361.89;1256109.06;1589.03;Fm. Los Santos;K1ls_ms;arenisca;Ar;K1ls_ms [Ar];10.37;10.74;2.62;1025529.03;797.73;23.02;1.93;2937.00;4.32;1.32;4.23E-06;2.40E-06;43.22;102.00;
Ls6-27;LSN-23;LSN-23;1110535.96;1253188.04;1633.00;Fm. Los Santos;K1ls_ms;arenisca;Ar;K1ls_ms [Ar];3.42;6.88;2.66;248674.20;1879.81;14.54;13.18;2139.00;7.22;2.24;5.15E-06;7.15E-06;-38.97;107.45;
Ls6-28;LSN-24;LSN-24;1109880.50;1252594.78;1590.00;Fm. Los Santos;K1ls_ms;arenisca;Ar;K1ls_ms [Ar];11.43;18.96;2.66;481460.77;125.98;16.52;9.05;1880.00;0.22;0.09;1.65E-05;2.87E-06;82.64;574.99;
Ls6-29;LSN-25;LSN-25;1108385.44;1252522.79;1383.00;Fm. Jordan;J1-2j;arenisca;Ar;J1-2j [Ar];2.89;4.27;2.64;146491.07;1122.32;11.56;12.35;3138.00;8.52;2.92;4.52E-06;2.64E-07;94.15;953.90;
Ls6-30a;LSN-26;LSN-26a;1107487.32;1253319.25;1457.00;Fm. Jordan;J1-2j;arenisca;Ar;J1-2j [Ar];3.36;6.85;2.61;932321.51;2418.12;29.82;5.56;4209.00;11.72;3.60;3.21E-05;2.62E-05;18.12;461.24;
Ls6-30b;LSN-26;LSN-26b;1107487.32;1253319.25;1457.00;Fm. Jordan;J1-2j;arenisca;Ar;J1-2j [Ar];4.46;10.63;2.60;79011.88;685.14;11.77;11.16;2206.00;3.62;2.24;1.71E-05;1.65E-05;3.64;461.24;
Ls6-31;LSN-27;LSN-27;1107387.49;1254053.50;1278.00;Fm. Jordan;J1-2j;arenisca;Ar;J1-2j [Ar];4.75;9.03;2.65;5127.65;174.45;1.85;11.31;3394.00;0.02;0.01;1.45E-05;3.21E-06;77.91;105.95;
Ls7-01;LSN-28;LSN-28;1107997.27;1251996.17;1239.00;Fm. Jordan;J1-2j;arenisca;Ar;J1-2j [Ar];3.66;3.94;2.64;47883.38;499.37;3.62;13.49;2573.00;9.32;2.87;7.57E-06;4.39E-06;42.01;711.47;
Ls7-02;LSN-29;LSN-29;1106396.09;1253228.59;1019.00;Fm. Jordan;J1-2j;lodolita;Ld;J1-2j [Ld];1.43;0.35;2.65;923.23;347.97;1.63;3.51;4159.00;24.52;7.54;4.06E-04;4.08E-04;-0.38;323.77;
Ls7-03;LSN-30;LSN-30;1106682.22;1252596.31;1038.00;Fm. Jordan;J1-2j;lodolita;Ld;J1-2j [Ld];2.41;0.33;2.65;636.82;230.89;1.91;4.45;2779.00;10.22;6.41;3.12E-04;2.77E-04;11.28;284.06;
Ls7-04;LSN-31;LSN-31;1106881.53;1252072.45;1102.00;Fm. Jordan;J1-2j;lodolita;Ld;J1-2j [Ld];0.46;0.25;2.67;928.44;496.63;1.89;3.71;1089.00;17.02;7.63;2.73E-04;2.57E-04;6.00;641.81;
Ls7-05a;LSN-32;LSN-32a;1108246.64;1250919.31;1169.00;Fm. Jordan;J1-2j;arenisca;Ar;J1-2j [Ar];4.19;6.48;2.65;87402.75;789.43;10.79;17.57;1294.00;6.12;1.90;3.14E-05;3.96E-05;-26.16;240.21;
Ls7-05b;LSN-32;LSN-32b;1108246.64;1250919.31;1169.00;Fm. Jordan;J1-2j;arenisca;Ar;J1-2j [Ar];3.89;3.82;2.59;71522.58;472.80;10.35;9.60;1139.00;4.52;2.81;1.84E-05;2.70E-05;-46.60;240.21;
Ls7-06;LSN-33;LSN-33;1108668.83;1250282.58;1327.00;Fm. Jordan;J1-2j;lodolita;Ld;J1-2j [Ld];1.08;0.42;2.62;740.53;314.09;2.95;4.70;3881.00;15.62;5.79;1.53E-04;1.45E-04;4.90;253.73;
Ls7-07;LSN-34;LSN-34;1107592.39;1250955.82;1111.00;Fm. Jordan;J1-2j;arenisca;Ar;J1-2j [Ar];1.79;4.37;2.65;1799.11;66.02;1.69;5.60;2451.00;7.62;2.33;2.23E-06;1.13E-06;49.44;116.25;
Ls7-08;LSN-35;LSN-35;1106540.62;1250850.90;1173.00;Fm. Jordan;J1-2j;lodolita;Ld;J1-2j [Ld];1.68;2.10;2.61;115.86;80.25;3.39;4.35;2233.00;2.72;1.76;2.52E-04;2.30E-04;8.65;307.58;
Ls7-09;LSN-36;LSN-36;1105616.34;1250458.87;1289.00;Fm. Los Santos;K1ls_mi;conglomerado;Cg;K1ls_mi [Cg];4.86;7.83;2.64;320030.27;1958.78;20.28;12.96;2341.00;4.12;1.24;2.97E-05;3.00E-05;-0.76;0.81;
Ls7-10;LSN-37;LSN-37;1104484.19;1250316.36;1281.00;Fm. Los Santos;K1ls_ms;arenisca;Ar;K1ls_ms [Ar];4.21;5.97;2.64;536152.90;1653.22;19.27;14.45;1399.00;3.92;1.21;9.70E-07;5.53E-07;43.05;305.26;
Ls7-11;LSN-38;LSN-38;1103397.64;1250082.58;1158.00;Fm. Los Santos;K1ls_ms;arenisca;Ar;K1ls_ms [Ar];3.30;5.73;2.64;192614.79;1016.73;15.66;13.15;2787.00;6.92;2.14;2.01E-05;2.25E-05;-12.11;37.14;
Ls7-12;LSN-39;LSN-39;1102661.78;1250539.55;1090.00;Fm. Los Santos;K1ls_ms;arenisca;Ar;K1ls_ms [Ar];2.36;3.67;2.59;44419.84;2295.7;4.81;7.66;4686.00;23.62;9.63;4.62E-06;1.16E-06;74.85;298.84;
Ls7-13;LSN-40;LSN-40;1102168.63;1250573.14;1015.00;Fm. Los Santos;K1ls_ms;arenisca;Ar;K1ls_ms [Ar];1.01;2.97;2.64;1041042.16;2717.31;28.12;12.91;2588.00;16.42;5.59;4.26E-06;3.82E-06;10.35;257.66;
Ls7-14;LSN-41;LSN-41;1104077.83;1249877.14;1244.00;Fm. Los Santos;K1ls_ms;arenisca;Ar;K1ls_ms [Ar];6.51;10.54;2.65;277874.26;761.68;14.69;14.63;1046.00;15.32;5.21;1.25E-05;5.23E-06;58.31;111.59;
Ls7-15;LSN-42;LSN-42;1105020.14;1249999.08;1330.00;Fm. Los Santos;K1ls_ms;arenisca;Ar;K1ls_ms [Ar];7.30;14.50;2.65;361473.23;49.64;18.27;4.45;3034.00;0.92;0.28;2.64E-07;2.02E-07;23.63;3.87;
Ls7-16a;LSN-43;LSN-43a;1106020.00;1249619.36;1485.00;Fm. Los Santos;K1ls_ms;arenisca;Ar;K1ls_ms [Ar];6.41;13.02;2.66;428071.70;2685.50;21.31;18.67;3709.00;1.32;0.42;2.30E-05;1.76E-05;23.69;715.05;
Ls7-16b;LSN-43;LSN-43b;1106020.00;1249619.36;1485.00;Fm. Los Santos;K1ls_ms;arenisca;Ar;K1ls_ms [Ar];6.19;13.26;2.65;498019.13;2540.59;20.69;17.73;3107.00;1.62;0.53;2.21E-05;7.15E-06;67.59;715.05;
Ls7-17a;LSN-44;LSN-44a;1107507.64;1249355.17;1604.00;Fm. Los Santos;K1ls_ms;arenisca;Ar;K1ls_ms [Ar];6.25;9.41;2.64;11310.03;112.70;1.72;2.97;1067.00;3.32;1.21;3.42E-06;5.41E-06;-58.12;148.99;
Ls7-17b;LSN-44;LSN-44b;1107507.64;1249355.17;1604.00;Fm. Los Santos;K1ls_ms;arenisca;Ar;K1ls_ms [Ar];7.09;12.46;2.62;57.67;141.40;9.89;3.61;2827.00;0.92;0.57;5.83E-06;1.03E-05;-76.76;148.99;
Ls7-19;LSN-45;LSN-45;1102322.29;1248526.51;1002.00;Fm. Los Santos;K1ls_ms;arenisca;Ar;K1ls_ms [Ar];3.04;6.35;2.63;19852.07;544.09;2.98;10.20;1974.00;10.12;3.10;3.27E-06;5.02E-06;-53.35;90.96;
Ls7-20;LSN-46;LSN-46;1103064.26;1248715.60;1012.00;Fm. Los Santos;K1ls_ms;arenisca;Ar;K1ls_ms [Ar];3.39;5.42;2.61;1077009.00;4270.46;36.59;12.83;4715.00;10.12;3.28;5.29E-05;6.33E-05;-19.57;400.34;
Ls7-21a;LSN-47;LSN-47a;1104009.50;1248612.11;1151.00;Fm. Los Santos;K1ls_ms;arenisca;Ar;K1ls_ms [Ar];3.30;6.17;2.64;234628.57;768.71;12.16;10.02;4010.00;5.12;1.54;5.20E-07;1.35E-07;74.04;507.91;
Ls7-21b;LSN-47;LSN-47b;1104009.50;1248612.11;1151.00;Fm. Los Santos;K1ls_ms;arenisca;Ar;K1ls_ms [Ar];3.68;5.70;2.62;206052.50;891.79;14.26;11.07;3423.00;4.92;1.69;3.83E-06;5.72E-06;-49.52;507.91;
Ls7-21c;LSN-47;LSN-47c;1104009.50;1248612.11;1151.00;Fm. Los Santos;K1ls_ms;arenisca;Ar;K1ls_ms [Ar];3.53;4.84;2.61;175617.26;338.04;12.95;4.72;3499.00;2.62;1.64;1.32E-05;5.34E-06;59.58;507.91;
Ls7-22;LSN-48;LSN-48;1103688.14;1249293.04;1141.00;Fm. Los Santos;K1ls_ms;arenisca;Ar;K1ls_ms [Ar];2.25;4.19;2.63;115371.92;1694.64;10.47;17.26;2066.00;11.72;3.61;6.89E-06;3.31E-06;51.90;475.38;
Ls8-01a;LSN-49;LSN-49a;1112917.93;1251300.51;1673.00;Fm. Los Santos;K1ls_mm;lodolita;Ld;K1ls_mm [Ld];3.06;5.65;2.27;14123.72;437.16;21.79;5.48;1411.00;0.52;0.33;1.59E-04;1.72E-04;-8.67;649.44;
Ls8-01b;LSN-49;LSN-49b;1112917.93;1251300.51;1673.00;Fm. Los Santos;K1ls_mm;lodolita;Ld;K1ls_mm [Ld];2.75;7.25;2.45;1453.16;121.88;5.66;8.29;939.00;0.02;0.01;1.22E-04;1.09E-04;11.06;649.44;
LSN-49c;LSN-49;LSN-49c;1112917.93;1251300.51;1673.00;Fm. Los Santos;K1ls_mm;lodolita;Ld;K1ls_mm [Ld];5.63;0.83;2.12;2982.48;415.53;5.58;5.42;1304.00;0.20;0.18;1.02E-04;9.68E-05;5.19;649.44;
LSN-49d;LSN-49;LSN-49d;1112917.93;1251300.51;1673.00;Fm. Los Santos;K1ls_mm;lodolita;Ld;K1ls_mm [Ld];4.19;1.07;2.11;4467.93;944.58;4.70;6.05;957.00;0.10;0.10;1.21E-04;1.09E-04;10.35;649.44;
LSN-49e;LSN-49;LSN-49e;1112917.93;1251300.51;1673.00;Fm. Los Santos;K1ls_mm;lodolita;Ld;K1ls_mm [Ld];3.66;1.17;2.18;1626.49;507.60;5.39;5.34;735.00;0.10;0.16;1.11E-04;8.88E-05;20.04;649.44;
LSN-49f;LSN-49;LSN-49f;1112917.93;1251300.51;1673.00;Fm. Los Santos;K1ls_mm;lodolita;Ld;K1ls_mm [Ld];6.74;0.94;2.33;1520.16;447.18;4.62;5.95;797.00;0.10;0.15;1.68E-04;1.56E-04;7.14;649.44;
Ls8-02a;LSN-50;LSN-50a;1113097.21;1252772.15;1644.00;Fm. Los Santos;K1ls_ms;arenisca;Ar;K1ls_ms [Ar];8.11;10.76;2.64;17529.51;121.16;5.96;8.35;2838.00;0.62;0.39;4.31E-05;5.77E-05;-33.87;269.21;
Ls8-02b;LSN-50;LSN-50b;1113097.21;1252772.15;1644.00;Fm. Los Santos;K1ls_ms;arenisca;Ar;K1ls_ms [Ar];5.53;9.81;2.65;42538.67;138.47;12.43;8.77;2745.00;0.92;0.37;2.77E-05;3.23E-05;-16.71;269.21;
Ls8-02c;LSN-50;LSN-50c;1113097.21;1252772.15;1685.00;Fm. Los Santos;K1ls_ms;arenisca;Ar;K1ls_ms [Ar];5.21;5.43;2.67;68616.08;906.56;17.67;20.10;1061.00;3.72;1.16;5.48E-05;5.04E-05;7.95;269.21;
Ls8-03;LSN-51;LSN-51;1114050.20;1256321.70;1642.01;Fm. Los Santos;K1ls_ms;arenisca;Ar;K1ls_ms [Ar];7.17;15.23;2.65;671695.67;87.45;12.38;3.06;1113.00;2.02;0.62;3.89E-06;2.47E-06;36.62;380.96;
Ls8-04a;LSN-52;LSN-52a;1116592.86;1253267.49;1743.00;Fm. Los Santos;K1ls_ms;arenisca;Ar;K1ls_ms [Ar];3.29;5.90;2.65;161706.46;1376.49;9.01;16.81;2443.00;8.62;2.61;4.18E-06;1.13E-06;72.85;28.95;
Ls8-04b;LSN-52;LSN-52b;1116592.86;1253267.49;1743.00;Fm. Los Santos;K1ls_ms;arenisca;Ar;K1ls_ms [Ar];3.03;4.65;2.65;617052.13;2235.58;17.23;18.60;2591.00;9.82;3.22;4.22E-06;1.60E-06;62.20;28.95;
Ls8-05;LSN-53;LSN-53;1115358.82;1252687.88;1705.00;Fm. Los Santos;K1ls_ms;arenisca;Ar;K1ls_ms [Ar];6.16;11.04;2.65;1782697.05;880.79;49.55;13.84;1571.00;2.42;0.74;3.58E-06;6.69E-06;-86.89;740.06;
Ls8-06a;LSN-54;LSN-54a;1109824.55;1247890.39;1659.00;Fm. Los Santos;K1ls_ms;arenisca;Ar;K1ls_ms [Ar];6.13;25.21;2.61;28921.27;100.42;6.06;6.77;2560.00;1.32;0.82;7.29E-06;5.33E-07;92.69;1255.53;
Ls8-06b;LSN-54;LSN-54b;1109824.55;1247890.39;1659.00;Fm. Los Santos;K1ls_ms;arenisca;Ar;K1ls_ms [Ar];6.87;9.25;2.64;85990.64;264.56;8.54;10.13;1935.00;2.72;0.94;4.64E-06;1.09E-06;76.59;1255.53;
Ls8-07;LSN-55;LSN-55;1108795.82;1247734.55;1636.00;Fm. Los Santos;K1ls_ms;arenisca;Ar;K1ls_ms [Ar];6.07;13.53;2.64;4680623.90;186.63;185.44;2.54;2424.00;2.22;0.67;2.38E-06;1.90E-06;20.03;933.96;
LSN-56;LSN-56;LSN-56;1111580.38;1259976.68;1266.00;Fm. Jordan;J1-2j;conglomerado;Cg;J1-2j [Cg];4.95;1.41;2.46;6454.13;501.37;4.27;9.56;3279.00;1.10;1.22;2.22E-05;3.63E-06;83.66;1628.54;
LSN-57;LSN-57;LSN-57;1112365.69;1259982.90;1233.00;Fm. Jordan;J1-2j;conglomerado;Cg;J1-2j [Cg];5.09;3.66;2.47;2807.57;303.11;3.60;7.68;4656.00;0.30;0.35;5.62E-05;4.83E-05;14.08;1402.59;
LSN-58a;LSN-58;LSN-58a;1112406.72;1259777.38;1263.00;Fm. Jordan;J1-2j;conglomerado;Cg;J1-2j [Cg];4.14;17.16;3.07;12000.69;624.07;5.48;13.09;3556.00;2.20;2.49;3.66E-05;1.26E-05;65.62;1194.08;
LSN-58b;LSN-58;LSN-58b;1112406.72;1259777.38;1263.00;Fm. Jordan;J1-2j;conglomerado;Cg;J1-2j [Cg];2.92;19.27;3.06;19741.49;828.74;5.08;12.95;3472.00;2.40;2.73;1.64E-05;2.28E-05;-39.00;1194.08;
LSN-58c;LSN-58;LSN-58c;1112406.72;1259777.38;1263.00;Fm. Jordan;J1-2j;conglomerado;Cg;J1-2j [Cg];3.58;19.77;3.03;9250.34;698.90;4.22;13.76;3586.00;2.02;2.28;3.27E-05;1.60E-05;50.87;1194.08;
LSN-59a;LSN-59;LSN-59a;1108837.49;1259914.55;1296.00;Fm. Los Santos;K1ls_mi;conglomerado;Cg;K1ls_mi [Cg];5.63;2.45;2.52;13144.13;1265.88;4.36;13.11;3681.00;1.72;1.99;3.89E-05;2.70E-05;30.60;61.04;
LSN-59b;LSN-59;LSN-59b;1108837.49;1259914.55;1296.00;Fm. Los Santos;K1ls_mi;conglomerado;Cg;K1ls_mi [Cg];6.35;2.53;2.36;12213.72;624.16;4.73;9.33;2322.00;1.32;1.51;1.98E-05;1.69E-05;14.59;61.04;
LSN-59c;LSN-59;LSN-59c;1108837.49;1259914.55;1296.00;Fm. Los Santos;K1ls_mi;conglomerado;Cg;K1ls_mi [Cg];5.97;1.74;2.41;13268.77;986.48;4.69;12.71;3422.00;1.22;1.39;2.62E-05;2.37E-05;9.57;61.04;
LSN-59d;LSN-59;LSN-59d;1108837.49;1259914.55;1296.00;Fm. Jordan;J1-2j;conglomerado;Cg;J1-2j [Cg];4.01;0.56;2.49;13955.82;1697.27;4.62;8.90;4070.00;1.12;1.26;3.96E-05;2.52E-05;36.22;61.04;
LSN-59e;LSN-59;LSN-59e;1108837.49;1259914.55;1296.00;Fm. Jordan;J1-2j;conglomerado;Cg;J1-2j [Cg];0.46;3.51;2.76;10495.07;1495.01;4.27;9.19;2157.00;1.62;1.84;3.44E-05;3.80E-05;-10.64;61.04;
LSN-59f;LSN-59;LSN-59f;1108837.49;1259914.55;1296.00;Fm. Jordan;J1-2j;conglomerado;Cg;J1-2j [Cg];4.48;1.22;2.35;14730.87;1568.53;4.49;12.99;1839.00;0.62;0.70;3.40E-05;1.80E-05;47.03;61.04;
LSN-59g;LSN-59;LSN-59g;1108837.49;1259914.55;1296.00;Fm. Jordan;J1-2j;conglomerado;Cg;J1-2j [Cg];4.56;2.14;2.36;19993.77;1959.83;4.92;12.74;1562.00;0.42;0.48;3.10E-05;1.88E-05;39.48;61.04;
LSN-60a;LSN-60;LSN-60a;1099725.20;1254644.77;719.00;Fm. Rosablanca;K1r;caliza;Ca;K1r [Ca];5.91;0.30;2.67;22091.67;3148.81;10.21;3.85;3971.00;4.32;4.97;1.96E-04;1.75E-04;10.85;526.82;
LSN-60b;LSN-60;LSN-60b;1099725.20;1254644.77;719.00;Fm. Rosablanca;K1r;caliza;Ca;K1r [Ca];0.81;0.42;2.66;25876.35;1274.58;7.50;3.08;3215.00;2.72;3.13;2.11E-04;1.97E-04;6.49;526.82;
LSN-60c;LSN-60;LSN-60c;1099725.20;1254644.77;719.00;Fm. Rosablanca;K1r;caliza;Ca;K1r [Ca];1.60;0.17;2.52;23353.76;1960.80;7.71;3.38;4035.00;3.92;4.48;1.81E-04;1.55E-04;14.53;526.82;
LSN-60d;LSN-60;LSN-60d;1099725.20;1254644.77;719.00;Fm. Rosablanca;K1r;arenisca calcarea;Ac;K1r [Ac];3.04;0.49;2.54;3761.79;474.62;8.43;11.92;2809.00;5.72;6.54;8.36E-05;7.87E-05;5.91;526.82;
LSN-60e;LSN-60;LSN-60e;1099725.20;1254644.77;719.00;Fm. Rosablanca;K1r;arenisca calcarea;Ac;K1r [Ac];1.50;0.61;2.49;1664.79;154.27;3.31;9.20;761.00;6.82;7.79;4.16E-05;3.15E-05;24.36;526.82;
LSN-60f;LSN-60;LSN-60f;1099725.20;1254644.77;719.00;Fm. Rosablanca;K1r;arenisca calcarea;Ac;K1r [Ac];3.00;1.73;2.43;14814.28;574.72;4.49;7.23;766.00;7.32;8.31;3.38E-05;3.18E-05;5.73;526.82;
LSN-60g;LSN-60;LSN-60g;1099725.20;1254644.77;719.00;Fm. Rosablanca;K1r;arenisca calcarea;Ac;K1r [Ac];2.83;2.54;2.33;11090.69;329.80;4.04;8.04;1220.00;6.52;7.41;2.68E-05;1.77E-05;33.77;526.82;
LSN-61a;LSN-61;LSN-61a;1099899.14;1254380.04;779.00;Fm. Rosablanca;K1r;caliza;Ca;K1r [Ca];1.06;0.13;2.57;252218.28;3330.29;18.84;3.07;4025.00;3.82;4.39;4.24E-06;4.30E-06;-1.27;505.15;
LSN-61b;LSN-61;LSN-61b;1099899.14;1254380.04;779.00;Fm. Rosablanca;K1r;caliza;Ca;K1r [Ca];1.64;0.50;2.46;167560.81;2650.01;18.90;6.19;1373.00;3.72;4.23;2.20E-06;1.28E-06;41.64;505.15;
LSN-62;LSN-62;LSN-62;1100438.56;1255525.40;852.00;Fm. Jordan;J1-2j;conglomerado;Cg;J1-2j [Cg];3.71;3.67;2.24;2369.20;604.94;2.37;7.69;972.00;2.82;3.18;8.84E-06;1.95E-06;77.99;4.83;
LSN-63a;LSN-63;LSN-63a;1115095.80;1259750.99;1164.00;Granito de Pescadero;J1gp;granito;Gr;J1gp [Gr];4.97;1.93;2.41;44516.634;593.645;11.184;11.802;2563.00;0.22;0.25;5.44E-05;4.17E-05;23.34;853.64;
LSN-63b;LSN-63;LSN-63b;1115095.80;1259750.99;1164.00;Granito de Pescadero;J1gp;granito;Gr;J1gp [Gr];4.26;1.05;2.46;13600.94;522.33;9.80;14.06;903.00;0.92;1.05;7.43E-05;4.42E-05;40.57;853.64;
LSN-64a;LSN-64;LSN-64a;1114886.21;1258144.82;1389.00;Silgara;Oss;esquisto;Es;Oss [Es];3.61;0.84;2.43;86595.05;5689.19;16.82;10.17;2234.00;2.32;3.20;5.54E-04;5.63E-04;-1.48;127.99;
LSN-64b;LSN-64;LSN-64b;1114886.21;1258144.82;1389.00;Silgara;Oss;esquisto;Es;Oss [Es];4.28;0.18;2.45;170511.04;2293.75;30.47;7.27;1661.00;1.32;2.06;5.43E-04;5.45E-04;-0.42;127.99;
LSN-65a;LSN-65;LSN-65a;1115000.85;1257730.96;1420.00;Fm. Jordan;J1-2j;arenisca;Ar;J1-2j [Ar];1.89;0.40;2.56;4273.88;468.07;3.07;7.40;2574.00;4.62;5.25;6.36E-06;8.98E-06;-41.06;279.75;
LSN-65b;LSN-65;LSN-65b;1115000.85;1257730.96;1420.00;Fm. Jordan;J1-2j;arenisca;Ar;J1-2j [Ar];2.21;0.35;2.54;3106.31;354.62;2.91;7.77;2694.00;6.52;7.41;6.08E-06;1.27E-06;79.10;279.75;
LSN-65c;LSN-65;LSN-65c;1115000.85;1257730.96;1420.00;Fm. Jordan;J1-2j;arenisca;Ar;J1-2j [Ar];2.41;4.50;2.42;8352.80;810.47;4.35;10.85;1023.00;5.92;6.68;4.90E-05;1.63E-05;66.84;279.75;
LSN-65d;LSN-65;LSN-65d;1115000.85;1257730.96;1420.00;Fm. Jordan;J1-2j;arenisca;Ar;J1-2j [Ar];2.05;0.67;2.40;8976.50;742.39;5.89;11.56;2423.00;7.02;7.97;6.92E-05;4.71E-05;31.91;279.75;
LSN-66a;LSN-66;LSN-66a;1114894.64;1257649.26;1473.00;Fm. Jordan;J1-2j;conglomerado;Cg;J1-2j [Cg];4.80;7.46;2.55;2314.70;408.88;6.02;14.03;3678.00;1.52;1.73;5.68E-05;6.02E-05;-6.02;306.19;
LSN-66b;LSN-66;LSN-66b;1114894.64;1257649.26;1473.00;Fm. Jordan;J1-2j;conglomerado;Cg;J1-2j [Cg];5.20;5.02;2.47;2248.94;417.68;3.80;13.26;3524.00;1.12;1.26;4.42E-05;3.44E-05;22.07;306.19;
LSN-66c;LSN-66;LSN-66c;1114894.64;1257649.26;1473.00;Fm. Jordan;J1-2j;conglomerado;Cg;J1-2j [Cg];4.51;0.83;2.38;2259.95;372.15;3.59;12.72;2087.00;1.72;1.94;4.24E-05;3.81E-05;10.11;306.19;
LSN-66d;LSN-66;LSN-66d;1114894.64;1257649.26;1473.00;Fm. Jordan;J1-2j;conglomerado;Cg;J1-2j [Cg];4.46;0.47;2.21;3171.22;416.06;7.67;14.81;1017.00;1.32;1.49;4.68E-05;3.08E-05;34.21;306.19;
LSN-66e;LSN-66;LSN-66e;1114894.64;1257649.26;1473.00;Granito de Pescadero;J1-2j;arenisca;Ar;J1-2j [Ar];3.47;0.61;2.46;8860.93;1017.05;8.54;20.48;2154.00;1.12;1.26;1.52E-05;5.21E-06;65.77;306.19;
LSN-66f;LSN-66;LSN-66f;1114894.64;1257649.26;1473.00;Granito de Pescadero;J1-2j;arenisca;Ar;J1-2j [Ar];2.55;0.44;2.46;13047.73;999.41;8.69;20.52;1320.00;4.32;4.91;1.16E-05;1.37E-05;-18.00;306.19;
LSN-66g;LSN-66;LSN-66g;1114894.64;1257649.26;1473.00;Granito de Pescadero;J1-2j;arenisca;Ar;J1-2j [Ar];3.07;0.38;2.40;12630.13;984.27;7.59;21.01;2497.00;4.02;4.57;8.82E-06;9.72E-06;-10.13;306.19;
LSN-67a;LSN-67;LSN-67a;1115472.04;1256693.16;1627.00;Fm. Los Santos;K1ls_ms;arenisca;Ar;K1ls_ms [Ar];4.49;5.01;2.56;31905.37;612.63;12.75;18.16;2040.00;2.92;3.30;2.24E-05;3.33E-06;85.13;7.54;
LSN-67b;LSN-67;LSN-67b;1115472.04;1256693.16;1627.00;Fm. Los Santos;K1ls_ms;arenisca;Ar;K1ls_ms [Ar];4.05;6.38;2.62;131587.50;941.14;13.78;15.30;2070.00;3.62;4.11;1.38E-05;9.12E-06;33.83;7.54;
LSN-67c;LSN-67;LSN-67c;1115472.04;1256693.16;1627.00;Fm. Los Santos;K1ls_ms;arenisca;Ar;K1ls_ms [Ar];4.46;4.76;2.57;109526.66;1137.20;12.95;19.50;1763.00;3.82;4.34;1.12E-05;3.70E-06;67.11;7.54;
LSN-68;LSN-68;LSN-68;1115676.69;1256695.71;1606.00;Fm. Los Santos;K1ls_ms;arenisca;Ar;K1ls_ms [Ar];3.78;3.25;2.44;2291.54;198.75;6.14;15.05;3106.00;2.52;2.81;2.98E-05;1.93E-05;35.28;75.44;
LSN-69;LSN-69;LSN-69;1114457.42;1258216.39;1408.00;Fm. Jordan;J1-2j;lodolita;Ld;J1-2j [Ld];1.85;0.51;2.46;125.59;81.15;4.76;6.35;953.00;0.72;0.81;2.93E-04;2.49E-04;14.83;291.58;
LSN-70a;LSN-70;LSN-70a;1114579.66;1258103.27;1423.00;Silgara;Oss;esquisto;Es;Oss [Es];2.30;2.79;2.67;2258.81;749.67;7.62;9.31;3682.00;0.62;0.70;3.28E-04;3.01E-04;8.09;176.50;
LSN-70b;LSN-70;LSN-70b;1114579.66;1258103.27;1423.00;Silgara;Oss;esquisto;Es;Oss [Es];3.68;3.65;2.63;4557.40;1138.99;7.95;8.22;1851.00;1.12;1.26;2.20E-04;1.92E-04;12.65;176.50;
LSN-70c;LSN-70;LSN-70c;1114579.66;1258103.27;1423.00;Silgara;Oss;esquisto;Es;Oss [Es];2.98;0.86;2.59;1668.48;523.47;4.24;8.00;794.00;1.32;1.50;3.01E-04;2.90E-04;3.75;176.50;
LSN-71a;LSN-71;LSN-71a;1115777.95;1247868.71;1742.00;Fm. Los Santos;K1ls_ms;arenisca;Ar;K1ls_ms [Ar];5.65;4.19;2.56;14011.37;730.83;3.60;16.79;3248.00;2.12;2.39;3.11E-05;4.26E-06;86.34;198.60;
LSN-71b;LSN-71;LSN-71b;1115777.95;1247868.71;1742.00;Fm. Los Santos;K1ls_ms;arenisca;Ar;K1ls_ms [Ar];5.16;0.94;2.40;10548.54;746.41;3.11;17.88;3357.00;1.62;1.82;2.18E-05;1.81E-05;16.95;198.60;
LSN-71c;LSN-71;LSN-71c;1115777.95;1247868.71;1742.00;Fm. Los Santos;K1ls_ms;arenisca;Ar;K1ls_ms [Ar];5.91;0.54;2.39;8056.40;560.62;2.47;16.48;3409.00;2.02;2.28;2.12E-05;3.22E-05;-51.99;198.60;
LSN-72a;LSN-72;LSN-72a;1116020.61;1247773.73;1668.00;Fm. Los Santos;K1ls_ms;arenisca;Ar;K1ls_ms [Ar];6.64;3.11;2.44;13758.46;699.60;13.49;21.84;1895.00;1.12;1.27;4.82E-05;3.43E-05;28.72;192.49;
LSN-72b;LSN-72;LSN-72b;1116020.61;1247773.73;1668.00;Fm. Los Santos;K1ls_ms;arenisca;Ar;K1ls_ms [Ar];6.22;0.90;2.48;13089.56;772.99;7.69;16.78;1970.00;0.92;1.04;4.13E-05;5.73E-05;-38.87;192.49;
LSN-72c;LSN-72;LSN-72c;1116020.61;1247773.73;1668.00;Fm. Los Santos;K1ls_ms;arenisca;Ar;K1ls_ms [Ar];6.43;1.51;2.44;14477.22;968.46;6.09;17.63;2543.00;0.82;1.15;6.45E-05;7.56E-05;-17.27;192.49;
LSN-73a;LSN-73;LSN-73a;1115927.18;1247779.67;1646.00;Fm. Los Santos;K1ls_ms;arenisca;Ar;K1ls_ms [Ar];2.45;3.62;2.50;331433.54;2291.39;16.06;11.64;2818.00;5.22;5.93;9.48E-07;2.12E-07;77.66;166.49;
LSN-73b;LSN-73;LSN-73b;1115927.18;1247779.67;1646.00;Fm. Los Santos;K1ls_ms;arenisca;Ar;K1ls_ms [Ar];1.82;1.01;2.50;327736.91;2121.51;14.44;11.48;4472.00;6.42;7.29;1.56E-06;1.26E-06;19.49;166.49;
LSN-74a;LSN-74;LSN-74a;1116182.80;1247181.34;1514.00;Silgara;Oss;esquisto;Es;Oss [Es];2.90;0.12;2.50;1941338.80;8715.64;89.94;6.83;3148.00;1.02;1.15;1.21E-02;1.21E-02;-0.01;306.90;
LSN-74b;LSN-74;LSN-74b;1116182.80;1247181.34;1514.00;Silgara;Oss;esquisto;Es;Oss [Es];3.26;0.30;2.55;2793018.58;13291.98;88.65;3.77;2044.00;2.22;4.40;1.59E-02;1.61E-02;-1.33;306.90;
LSN-74c;LSN-74;LSN-74c;1116182.80;1247181.34;1514.00;Silgara;Oss;esquisto;Es;Oss [Es];2.94;0.26;2.59;2000987.18;4803.06;52.44;2.90;1332.00;1.72;1.94;1.07E-02;1.08E-02;-1.11;306.90;
LSN-75;LSN-75;LSN-75;1116387.99;1246897.45;1473.00;Silgara;Oss;esquisto;Es;Oss [Es];5.15;0.00;2.56;4299.98;714.22;4.56;10.11;754.00;0.72;0.82;5.92E-03;5.79E-03;2.29;448.40;
LSN-76a;LSN-76;LSN-76a;1116045.79;1246468.65;1375.00;Silgara;Oss;metaarenisca;Ma;Oss [Ma];3.41;1.14;3.36;1628.78;571.49;3.78;8.02;2798.00;0.62;0.70;2.14E-04;2.01E-04;6.00;990.86;
LSN-76b;LSN-76;LSN-76b;1116045.79;1246468.65;1375.00;Silgara;Oss;metaarenisca;Ma;Oss [Ma];2.21;6.06;2.05;1248.44;461.01;3.78;7.47;3051.00;2.92;2.84;2.30E-04;2.18E-04;5.23;990.86;
LSN-77;LSN-77;LSN-77;1115103.65;1245400.08;1291.00;Silgara;Oss;metaarenisca;Ma;Oss [Ma];2.77;6.29;2.61;3640.05;703.74;2.55;8.40;974.00;0.42;0.47;5.37E-05;4.84E-05;9.86;1168.62;
LSN-78;LSN-78;LSN-78;1114665.18;1244528.87;1278.00;Silgara;Oss;esquisto;Es;Oss [Es];2.23;0.50;2.72;5931.98;1422.75;8.93;8.46;5926.00;0.72;0.82;8.24E-04;8.60E-04;-4.34;203.92;
LSN-79a;LSN-79;LSN-79a;1109981.05;1243022.06;1654.00;Fm. Los Santos;K1ls_ms;arenisca;Ar;K1ls_ms [Ar];8.56;1.25;2.24;18192.84;927.60;8.63;10.16;1756.00;0.32;0.37;4.40E-06;3.87E-06;12.06;448.98;
LSN-79b;LSN-79;LSN-79b;1109981.05;1243022.06;1654.00;Fm. Los Santos;K1ls_ms;arenisca;Ar;K1ls_ms [Ar];1.86;0.15;2.51;17297.90;1048.45;10.29;12.92;3025.00;5.62;6.31;2.35E-05;2.95E-05;-25.87;448.98;
LSN-79c;LSN-79;LSN-79c;1109981.05;1243022.06;1654.00;Fm. Los Santos;K1ls_ms;arenisca;Ar;K1ls_ms [Ar];2.43;0.64;2.54;15469.94;1115.15;8.83;13.24;4184.00;6.22;7.02;2.24E-05;2.04E-05;9.13;448.98;
LSN-80a;LSN-80;LSN-80a;1109897.30;1242710.40;1585.00;Fm. Los Santos;K1ls_ms;arenisca;Ar;K1ls_ms [Ar];3.90;0.11;2.51;109195.23;737.38;12.38;11.96;4061.00;0.62;0.71;6.50E-06;1.69E-06;73.98;231.90;
LSN-80b;LSN-80;LSN-80b;1109897.30;1242710.40;1585.00;Fm. Los Santos;K1ls_ms;arenisca;Ar;K1ls_ms [Ar];3.48;0.07;2.55;144211.46;1338.67;11.88;14.75;2114.00;2.62;2.99;1.05E-05;1.85E-05;-75.69;231.90;
LSN-81a;LSN-81;LSN-81a;1110563.08;1242647.83;1465.00;Fm. Los Santos;K1ls_mm;lodolita;Ld;K1ls_mm [Ld];12.55;0.00;2.10;88.20;43.57;4.62;8.01;1872.00;0.02;0.02;1.72E-04;1.70E-04;1.30;31.50;
LSN-81b;LSN-81;LSN-81b;1110563.08;1242647.83;1465.00;Fm. Los Santos;K1ls_mm;lodolita;Ld;K1ls_mm [Ld];8.24;0.00;2.03;69.02;60.50;4.55;5.71;884.00;0.12;0.18;2.08E-04;2.03E-04;2.36;31.50;
LSN-82a;LSN-82;LSN-82a;1110261.72;1242293.57;1384.00;Fm. Jordan;J1-2j;lodolita;Ld;J1-2j [Ld];1.55;0.00;2.57;739.10;329.82;3.13;5.24;3681.00;5.22;5.93;2.65E-04;2.42E-04;8.79;174.44;
LSN-82b;LSN-82;LSN-82b;1110261.72;1242293.57;1384.00;Fm. Jordan;J1-2j;lodolita;Ld;J1-2j [Ld];1.52;0.00;2.47;614.10;340.78;3.40;4.92;2009.00;0.22;0.25;2.67E-04;2.63E-04;1.62;174.44;
LSN-82c;LSN-82;LSN-82c;1110261.72;1242293.57;1384.00;Fm. Jordan;J1-2j;lodolita;Ld;J1-2j [Ld];1.46;0.10;2.52;630.92;327.60;3.16;5.16;2785.00;12.72;10.07;2.72E-04;2.41E-04;11.06;174.44;
LSN-83;LSN-83;LSN-83;1110161.60;1242708.93;1566.00;Fm. Los Santos;K1ls_mm;lodolita;Ld;K1ls_mm [Ld];12.58;1.00;2.32;2019.47;255.28;3.91;9.89;784.00;0.22;0.32;9.16E-05;9.26E-05;-1.05;247.51;
LSN-84a;LSN-84;LSN-84a;1107720.17;1249552.50;1529.00;Fm. Los Santos;K1ls_mi;arenisca;Ar;K1ls_mi [Ar];1.52;8.21;2.57;11480.29;1058.65;5.64;12.57;1240.00;1.12;1.26;1.82E-05;1.01E-05;44.47;96.72;
LSN-84b;LSN-84;LSN-84b;1107720.17;1249552.50;1529.00;Fm. Los Santos;K1ls_mi;arenisca;Ar;K1ls_mi [Ar];1.70;8.10;2.46;9172.44;1042.13;4.21;10.89;1534.00;0.42;0.48;2.24E-05;3.20E-06;85.73;96.72;
LSN-84c;LSN-84;LSN-84c;1107720.17;1249552.50;1529.00;Fm. Los Santos;K1ls_mi;arenisca;Ar;K1ls_mi [Ar];1.60;6.73;2.45;8778.11;457.14;9.34;13.26;975.00;0.42;0.60;5.28E-05;8.99E-05;-70.23;96.72;
LSN-85a;LSN-85;LSN-85a;1108322.53;1249803.67;1350.00;Fm. Jordan;J1-2j;lodolita;Ld;J1-2j [Ld];5.43;0.30;1.79;23.55;46.36;6.63;9.12;863.00;0.02;0.03;2.22E-04;1.97E-04;11.07;315.15;
LSN-85b;LSN-85;LSN-85b;1108322.53;1249803.67;1350.00;Fm. Jordan;J1-2j;lodolita;Ld;J1-2j [Ld];5.57;1.23;1.87;21.05;125.88;7.38;10.93;756.00;0.02;0.02;2.28E-04;2.18E-04;4.59;315.15;
LSN-85c;LSN-85;LSN-85c;1108322.53;1249803.67;1350.00;Fm. Jordan;J1-2j;lodolita;Ld;J1-2j [Ld];8.63;0.50;1.77;168.18;96.69;3.61;10.31;967.00;0.02;0.03;2.03E-04;1.95E-04;4.21;315.15;
LSN-86a;LSN-86;LSN-86a;1108248.87;1250451.41;1189.00;Fm. Jordan;J1-2j;lodolita;Ld;J1-2j [Ld];1.74;0.00;2.52;738.05;365.48;3.20;5.53;767.00;6.62;7.52;1.14E-04;1.10E-04;2.81;18.42;
LSN-86b;LSN-86;LSN-86b;1108248.87;1250451.41;1189.00;Fm. Jordan;J1-2j;lodolita;Ld;J1-2j [Ld];1.53;1.45;2.58;626.30;280.55;4.85;5.15;3280.00;6.72;7.63;1.26E-04;1.29E-04;-2.39;18.42;
LSN-87;LSN-87;LSN-87;1109094.27;1250636.58;1370.00;Fm. Jordan;J1-2j;arenisca;Ar;J1-2j [Ar];6.33;1.69;2.40;117.14;66.80;4.25;5.36;1031.00;1.12;1.28;3.05E-04;2.98E-04;2.30;802.70;
LSN-88a;LSN-88;LSN-88a;1109200.50;1251136.20;1331.00;Fm. Jordan;J1-2j;arenisca;Ar;J1-2j [Ar];9.30;5.86;2.46;336.93;128.44;3.05;10.38;1746.00;2.02;2.32;2.42E-04;2.39E-04;1.52;648.62;
LSN-88b;LSN-88;LSN-88b;1109200.50;1251136.20;1331.00;Fm. Jordan;J1-2j;arenisca;Ar;J1-2j [Ar];9.85;3.25;2.34;478.11;140.46;2.94;10.50;1610.00;1.52;1.74;2.24E-04;2.22E-04;0.97;648.62;
LSN-89a;LSN-89;LSN-89a;1108203.75;1251294.22;1146.00;Fm. Jordan;J1-2j;lodolita;Ld;J1-2j [Ld];3.58;4.29;2.58;482.02;90.99;5.65;9.09;3065.00;9.22;10.41;1.16E-04;1.18E-04;-1.72;59.46;
LSN-89b;LSN-89;LSN-89b;1108203.75;1251294.22;1146.00;Fm. Jordan;J1-2j;lodolita;Ld;J1-2j [Ld];4.42;2.87;2.53;853.68;110.01;6.48;10.30;3021.00;2.82;3.18;9.13E-05;8.73E-05;4.35;59.46;
LSN-90a;LSN-90;LSN-90a;1105942.74;1253787.80;1088.00;Fm. Jordan;J1-2j;lodolita;Ld;J1-2j [Ld];1.05;0.00;2.60;373.56;179.40;2.91;4.19;4516.00;6.62;7.47;2.07E-04;2.11E-04;-1.95;836.02;
LSN-90b;LSN-90;LSN-90b;1105942.74;1253787.80;1088.00;Fm. Jordan;J1-2j;lodolita;Ld;J1-2j [Ld];1.22;0.10;2.54;354.82;187.31;3.27;4.63;4451.00;5.12;5.75;2.35E-04;2.28E-04;3.20;836.02;
LSN-91a;LSN-91;LSN-91a;1107806.92;1252954.20;1444.00;Fm. Los Santos;K1ls_mi;arenisca;Ar;K1ls_mi [Ar];3.09;3.64;2.59;24931.49;1653.50;23.46;21.74;1386.00;2.02;2.34;3.30E-06;4.68E-06;-41.90;937.65;
LSN-91b;LSN-91;LSN-91b;1107806.92;1252954.20;1444.00;Fm. Los Santos;K1ls_mi;arenisca;Ar;K1ls_mi [Ar];3.13;2.34;2.58;42997.456;2859.678;5.912;18.049;2159.00;3.02;3.409561236;5.45E-07;5.46E-07;-0.13;937.65;
LSN-91c;LSN-91;LSN-91c;1107806.92;1252954.20;1444.00;Fm. Los Santos;K1ls_mi;arenisca;Ar;K1ls_mi [Ar];2.66;2.01;2.56;135556.98;2997.76;9.65;16.01;2193.00;4.12;4.65;2.83E-06;1.16E-06;59.07;937.65;
LS1;LSS-01;LSS-01a;1104424.00;1238243.00;1309.00;Fm. Rosablanca;K1r;biomicrita;Bm;K1r [Bm];0.55;1.37;2.64;11010.60;8444.46;4.01;5.23;3955.00;3.72;2.78;1.83E-04;1.61E-04;11.73;252.62;
LS1b;LSS-01;LSS-01b;1104424.00;1238243.00;1309.00;Fm. Rosablanca;K1r;biomicrita;Bm;K1r [Bm];0.33;2.45;2.69;10145.14;9444.46;2.74;5.84;1427.00;5.32;4.33;1.03E-04;9.35E-05;9.42;252.62;
LS1-01-01;LSS-02;LSS-02;1101869.57;1246232.58;1083.00;Fm. Rosablanca;K1r;caliza;Ca;K1r [Ca];19.87;21.76;2.54;35752.28;189.73;11.37;6.52;2147.00;1.82;1.37;1.26E-05;9.97E-06;20.87;572.59;
LS1-02-01;LSS-03;LSS-03a;1101531.18;1246087.94;1075.00;Fm. Rosablanca;K1r;arenisca;Ar;K1r [Ar];5.07;9.03;2.66;818754.45;3634.26;27.38;5.78;861.00;8.12;4.06;1.81E-04;1.56E-04;13.73;436.41;
LS1-02-01b;LSS-03;LSS-03b;1101531.18;1246087.94;1075.00;Fm. Rosablanca;K1r;arenisca;Ar;K1r [Ar];5.38;11.62;2.65;1395098.84;5522.10;67.07;6.79;1934.00;7.22;2.57;6.73E-05;8.82E-05;-30.90;436.41;
LS1-03-01;LSS-04;LSS-04a;1102311.26;1244211.09;1146.00;Fm. Rosablanca;K1r;arenisca;Ar;K1r [Ar];7.78;15.06;2.67;612851.28;550.71;17.13;4.94;2816.00;4.92;2.84;7.06E-05;6.85E-05;3.03;514.53;
LS1-03-01b;LSS-04;LSS-04b;1102311.26;1244211.09;1146.00;Fm. Rosablanca;K1r;arenisca;Ar;K1r [Ar];8.86;13.40;2.76;589378.17;411.71;18.65;3.07;1091.00;2.22;1.79;3.35E-04;3.24E-04;3.23;514.53;
LS1-04-01;LSS-05;LSS-05;1102620.44;1243795.70;1147.00;Fm. Rosablanca;K1r;caliza;Ca;K1r [Ca];0.44;0.46;2.66;2631.56;1409.05;2.69;6.66;5007.00;12.92;4.90;5.85E-05;6.90E-05;-18.00;273.42;
LS1-05-01;LSS-06;LSS-06a;1103010.33;1243469.20;1130.00;Fm. Rosablanca;K1r;biomicrita;Bm;K1r [Bm];0.58;1.11;2.60;972.64;529.38;1.67;2.50;2922.00;10.82;5.66;4.06E-05;3.12E-05;23.25;123.73;
LS1-05-02;LSS-06;LSS-06b;1103010.33;1243469.20;1130.00;Fm. Rosablanca;K1r;biomicrita;Bm;K1r [Bm];1.20;0.74;2.60;516.59;302.35;2.75;4.36;3440.00;7.72;3.92;5.84E-05;6.13E-05;-4.95;123.73;
LS1-05-02b;LSS-06;LSS-06c;1103010.33;1243469.20;1130.00;Fm. Rosablanca;K1r;biomicrita;Bm;K1r [Bm];2.63;3.02;2.61;433.39;143.92;2.06;4.12;1315.00;1.12;0.90;7.45E-05;7.92E-05;-6.20;123.73;
LS1-06-01;LSS-07;LSS-07a;1103331.80;1243580.93;1136.00;Fm. Rosablanca;K1r;biomicrita;Bm;K1r [Bm];0.65;0.19;2.68;37768.18;13122.12;8.46;8.14;2817.00;8.02;3.62;4.54E-04;4.57E-04;-0.63;310.50;
LS1-06-01b;LSS-07;LSS-07b;1103331.80;1243580.93;1136.00;Fm. Rosablanca;K1r;biomicrita;Bm;K1r [Bm];0.43;0.48;2.67;40224.75;12113.09;7.89;7.80;3562.00;5.92;2.95;4.59E-04;4.36E-04;5.04;310.50;
LS1-06-02;LSS-07;LSS-07c;1103331.80;1243580.93;1136.00;Fm. Rosablanca;K1r;caliza;Ca;K1r [Ca];0.13;2.26;2.70;86769.46;37015.69;3.23;3.65;4857.00;4.02;3.23;2.54E-04;2.35E-04;7.34;310.50;
LS1-06-02b;LSS-07;LSS-07d;1103331.80;1243580.93;1136.00;Fm. Rosablanca;K1r;caliza;Ca;K1r [Ca];0.12;5.00;2.72;87222.62;18133.93;7.61;5.13;5076.00;3.72;2.99;3.27E-04;3.10E-04;5.26;310.50;
LS1-07-01;LSS-08;LSS-08a;1106150.25;1240278.30;1305.00;Fm. Rosablanca;K1r;caliza;Ca;K1r [Ca];0.08;2.67;2.71;38115.28;25584.99;29.27;27.21;2821.00;7.22;3.61;1.39E-04;1.20E-04;13.94;240.86;
LS1-07-01b;LSS-08;LSS-08b;1106150.25;1240278.30;1305.00;Fm. Rosablanca;K1r;caliza;Ca;K1r [Ca];0.55;8.50;2.70;14239.50;11194.38;2.14;2.68;4539.00;4.12;3.32;2.06E-04;1.92E-04;6.64;240.86;
LS1-07-02;LSS-08;LSS-08c;1106150.25;1240278.30;1305.00;Fm. Rosablanca;K1r;caliza;Ca;K1r [Ca];0.35;2.51;2.69;19186.70;17060.83;3.72;2.15;4012.00;6.42;2.30;2.07E-04;1.97E-04;4.92;240.86;
LS1-08-01;LSS-09;LSS-09a;1106119.08;1240293.09;1288.00;Fm. Rosablanca;K1r;caliza;Ca;K1r [Ca];0.36;0.12;2.69;19272.17;6645.53;3.90;4.79;4944.00;11.12;5.91;1.26E-04;1.24E-04;1.95;263.18;
LS1-08-01b;LSS-09;LSS-09b;1106119.08;1240293.09;1288.00;Fm. Rosablanca;K1r;caliza;Ca;K1r [Ca];0.27;4.19;2.66;15186.70;13060.83;3.27;3.52;4798.00;6.32;5.10;9.05E-05;8.93E-05;1.31;263.18;
LS1-09-01;LSS-10;LSS-10;1106212.48;1239560.56;1274.00;Fm. Rosablanca;K1r;arenisca calcarea;Ac;K1r [Ac];1.01;1.88;2.63;16412.50;1069.68;7.31;7.33;2837.00;6.72;2.53;6.17E-05;5.33E-05;13.50;0.02;
LS1-10-01;LSS-11;LSS-11;1106732.03;1239074.16;1274.00;Fm. Rosablanca;K1r;lodo calcareo;Lc;K1r [Lc];0.56;0.74;2.68;122772.72;17385.51;21.07;5.87;4500.00;4.72;2.32;1.34E-04;1.19E-04;11.16;50.76;
LS1-11-01;LSS-12;LSS-12;1105455.21;1242654.81;1200.00;Fm. Los Santos;K1ls_ms;arenisca;Ar;K1ls_ms [Ar];2.87;2.54;2.57;27794.60;2102.90;3.53;7.54;2831.00;8.62;4.25;5.23E-06;1.29E-06;75.22;188.95;
LS1-12-01;LSS-13;LSS-13;1105454.20;1242659.38;1200.00;Fm. Los Santos;K1ls_ms;arenisca;Ar;K1ls_ms [Ar];3.83;5.26;2.62;55924.18;1351.22;8.09;22.91;3637.00;6.22;2.20;5.00E-06;6.29E-06;-25.67;187.52;
LS1-13-01;LSS-14;LSS-14;1105609.13;1242455.38;1229.00;Fm. Los Santos;K1ls_ms;arenisca;Ar;K1ls_ms [Ar];2.77;4.94;2.61;29712.23;517.25;6.83;8.98;2826.00;6.82;3.58;4.45E-06;5.62E-06;-26.37;364.37;
LS1-14-01;LSS-15;LSS-15a;1105584.28;1242026.85;1200.00;Fm. Los Santos;K1ls_ms;arenisca;Ar;K1ls_ms [Ar];2.92;1.77;2.59;70208.40;1225.67;11.75;15.83;4084.00;12.02;7.01;3.14E-06;4.94E-06;-57.51;130.16;
LS1-14-01b;LSS-15;LSS-15b;1105584.28;1242026.85;1200.00;Fm. Los Santos;K1ls_ms;arenisca;Ar;K1ls_ms [Ar];3.64;4.28;2.59;95492.64;610.78;11.19;13.17;4279.00;4.62;2.04;9.57E-06;9.53E-06;0.34;130.16;
LS1-15-01;LSS-16;LSS-16;1106042.32;1241446.25;1227.00;Fm. Los Santos;K1ls_ms;arenisca;Ar;K1ls_ms [Ar];1.86;3.28;2.61;11655.94;561.06;3.30;14.85;3179.00;4.42;2.81;2.32E-06;1.33E-06;42.83;123.54;
LS2-01-01;LSS-17;LSS-17a;1105631.60;1245853.74;1445.00;Fm. Los Santos;K1ls_ms;arenisca;Ar;K1ls_ms [Ar];3.13;5.30;2.61;10938.75;370.96;5.20;7.01;2536.00;5.42;1.88;1.20E-05;2.64E-06;78.06;284.93;
LS2-01-01b;LSS-17;LSS-17b;1105631.60;1245853.74;1445.00;Fm. Los Santos;K1ls_ms;arenisca;Ar;K1ls_ms [Ar];3.36;6.10;2.62;14015.64;306.93;4.67;5.61;2313.00;4.22;1.85;1.53E-05;2.04E-05;-32.69;284.93;
LS2-02-01;LSS-18;LSS-18a;1105360.96;1246203.34;1363.00;Fm. Los Santos;K1ls_ms;arenisca;Ar;K1ls_ms [Ar];3.84;5.26;2.63;184555.83;1176.64;12.78;17.48;3960.00;6.22;2.17;1.41E-05;1.35E-06;90.42;712.11;
LS2-02-01b;LSS-18;LSS-18b;1105360.96;1246203.34;1363.00;Fm. Los Santos;K1ls_ms;arenisca;Ar;K1ls_ms [Ar];3.60;5.44;2.63;301849.84;993.59;14.31;15.05;1704.00;7.02;2.71;2.74E-05;3.42E-05;-24.83;712.11;
LS2-03-01;LSS-19;LSS-19a;1103217.64;1245683.03;1129.00;Fm. Rosablanca;K1r;caliza;Ca;K1r [Ca];26.82;21.04;2.60;39023.52;112.42;9.61;4.41;2959.00;1.52;0.69;9.61E-08;1.88E-08;80.44;212.75;
LS2-03-01b;LSS-19;LSS-19b;1103217.64;1245683.03;1129.00;Fm. Rosablanca;K1r;caliza;Ca;K1r [Ca];27.77;21.26;2.55;29023.52;92.42;10.03;3.80;2722.00;0.42;0.34;1.21E-05;1.74E-05;-43.63;212.75;
LS2-04-01;LSS-20;LSS-20a;1102677.88;1245568.34;1127.00;Fm. Rosablanca;K1r;biomicrita;Bm;K1r [Bm];0.44;1.31;2.67;3610.81;1810.29;3.40;3.60;845.00;6.22;2.18;2.08E-04;2.00E-04;3.74;0.20;
LS2-04-01b;LSS-20;LSS-20b;1102677.88;1245568.34;1127.00;Fm. Rosablanca;K1r;biomicrita;Bm;K1r [Bm];0.46;2.15;2.65;4834.80;3216.30;1.83;2.85;1001.00;6.62;5.39;1.64E-04;1.60E-04;2.74;0.20;
LS2-05-01;LSS-21;LSS-21;1100916.85;1243639.17;1069.00;Fm. Rosablanca;K1r;biomicrita;Bm;K1r [Bm];3.14;4.91;2.62;9449.68;808.19;2.62;7.13;3668.00;3.72;1.27;1.54E-04;1.43E-04;7.30;129.80;
LS2-06-01;LSS-22;LSS-22;1100292.42;1243696.33;1016.00;Fm. Rosablanca;K1r;caliza;Ca;K1r [Ca];0.33;1.84;2.68;95645.82;5011.72;5.28;7.83;3459.00;3.22;1.10;3.84E-05;2.70E-05;29.57;88.66;
LS2-07-01;LSS-23;LSS-23;1099120.06;1243545.79;897.00;Fm. Paja;K1p;lodo calcareo;Lc;K1p [Lc];5.69;5.98;2.59;2392.20;235.48;4.40;7.77;3473.00;3.62;1.26;8.82E-05;8.44E-05;4.38;0.25;
LS2-08-01;LSS-24;LSS-24;1098676.62;1243123.62;829.00;Fm. Rosablanca;K1r;caliza;Ca;K1r [Ca];0.60;1.15;2.68;9726.46;5401.35;6.12;7.87;3849.00;5.62;1.98;1.88E-04;1.55E-04;17.67;253.06;
LS2-09-01;LSS-25;LSS-25a;1098421.74;1242837.88;788.00;Fm. Rosablanca;K1r;biomicrita;Bm;K1r [Bm];0.94;0.50;2.61;11429.69;2093.99;8.55;5.07;3321.00;6.12;2.13;1.59E-04;1.24E-04;22.20;172.29;
LS2-09-01b;LSS-25;LSS-25b;1098421.74;1242837.88;788.00;Fm. Rosablanca;K1r;biomicrita;Bm;K1r [Bm];0.80;0.00;2.61;10849.19;2435.21;5.35;4.92;1770.00;6.22;5.04;2.49E-04;2.05E-04;17.93;172.29;
LS2-11-01;LSS-26;LSS-26;1102817.86;1242330.66;1173.00;Fm. Rosablanca;K1r;biomicrita;Bm;K1r [Bm];1.55;1.53;2.68;16935.29;3131.84;5.41;8.84;3708.00;7.22;2.74;7.14E-05;8.91E-05;-24.73;0.15;
LS2-12-01;LSS-27;LSS-27a;1101844.00;1240416.96;1295.00;Fm. Paja;K1p;caliza;Ca;K1p [Ca];0.94;1.71;2.64;49059.33;4810.74;3.89;5;4781.00;8.12;3.25;4.95E-05;4.80E-05;2.95;529.00;
LS2-12-01b;LSS-27;LSS-27b;1101844.00;1240416.96;1295.00;Fm. Paja;K1p;caliza;Ca;K1p [Ca];0.84;3.00;2.66;17911.36;3610.62;2.15;7.24;4824.00;3.92;3.16;4.54E-05;3.61E-05;20.51;529.00;
LS2-13-01;LSS-28;LSS-28;1100125.04;1240466.32;1065.00;Fm. Paja;K1p;lodo calcareo;Lc;K1p [Lc];4.52;1.56;2.48;8737.69;994.62;5.68;4.80;3241.00;3.12;1.63;7.45E-05;7.42E-05;0.36;396.44;
LS2-14-01;LSS-29;LSS-29a;1099992.70;1240364.52;1033.00;Fm. Paja;K1p;lodo calcareo;Lc;K1p [Lc];2.40;1.61;2.57;6042.39;295.81;11.46;5.33;3943.00;4.32;1.55;1.05E-04;7.56E-05;28.00;351.22;
LS2-14-01b;LSS-29;LSS-29b;1099992.70;1240364.52;1033.00;Fm. Paja;K1p;lodo calcareo;Lc;K1p [Lc];0.81;1.12;2.63;1342.88;833.29;1.67;2.56;3568.00;3.72;3.02;2.38E-04;2.33E-04;1.98;351.22;
LS2-PC-01;LSS-30;LSS-30;1100299.52;1240380.12;1083.00;Fm. Paja;K1p;lodo calcareo;Lc;K1p [Lc];0.90;1.18;2.68;42893.73;6205.22;9.35;5.36;4513.00;7.02;2.94;1.03E-04;9.07E-05;11.98;321.97;
LS3-01-01;LSS-31;LSS-31a;1107287.17;1246076.16;1604.00;Fm. Los Santos;K1ls_ms;arenisca;Ar;K1ls_ms [Ar];3.99;5.12;2.63;89461.75;713.35;9.61;10.77;1545.00;3.52;1.17;3.42E-07;4.68E-07;-36.96;32.07;
LS3-01-01b;LSS-31;LSS-31b;1107287.17;1246076.16;1604.00;Fm. Los Santos;K1ls_ms;arenisca;Ar;K1ls_ms [Ar];3.94;7.45;2.61;281539.34;625.68;12.16;8.35;1597.00;4.32;2.71;2.20E-08;4.35E-08;-97.94;32.07;
LS3-04-01;LSS-32;LSS-32a;1107365.45;1246252.27;1638.00;Fm. Los Santos;K1ls_ms;arenisca;Ar;K1ls_ms [Ar];7.14;13.58;2.62;23412.44;371.85;5.36;17.45;1503.00;0.42;0.14;1.29E-05;1.36E-05;-5.06;149.64;
LS3-04-01b;LSS-32;LSS-32b;1107365.45;1246252.27;1638.00;Fm. Los Santos;K1ls_ms;arenisca;Ar;K1ls_ms [Ar];10.50;13.68;2.64;53367.30;545.41;4.42;15.85;1823.00;1.32;0.47;1.08E-05;4.23E-06;60.88;149.64;
LS3-06-02;LSS-33;LSS-33a;1108237.92;1238952.98;1355.00;Fm. Rosablanca;K1r;caliza;Ca;K1r [Ca];0.95;0.06;2.64;5382.92;1553.53;13.68;10.49;5294.00;3.52;1.13;2.64E-04;2.45E-04;7.01;258.14;
LS3-06-02b;LSS-33;LSS-33b;1108237.92;1238952.98;1355.00;Fm. Rosablanca;K1r;caliza;Ca;K1r [Ca];1.71;3.49;2.60;2543.99;473.27;6.95;8.90;4061.00;8.82;3.03;3.92E-04;3.22E-04;17.89;258.14;
LS3-07-01;LSS-34;LSS-34a;1108288.95;1239060.92;1376.00;Fm. Rosablanca;K1r;lodo calcareo;Lc;K1r [Lc];2.41;1.83;2.78;501.93;141.46;1.73;3.68;3013.00;7.82;2.80;8.31E-05;6.73E-05;19.01;168.08;
LS3-07-01b;LSS-34;LSS-34b;1108288.95;1239060.92;1376.00;Fm. Rosablanca;K1r;lodo calcareo;Lc;K1r [Lc];2.72;2.81;2.58;433.94;126.77;2.52;4.58;3950.00;5.02;3.11;5.12E-05;4.24E-05;17.15;168.08;
LS3-11-01;LSS-35;LSS-35a;1108746.87;1239054.53;1427.00;Fm. Rosablanca;K1r;lodo calcareo;Lc;K1r [Lc];0.97;0.57;2.64;1771.36;1005.16;2.22;2.83;4769.00;6.82;2.20;3.39E-04;3.18E-04;6.13;400.67;
LS3-11-01b;LSS-35;LSS-35b;1108746.87;1239054.53;1427.00;Fm. Rosablanca;K1r;lodo calcareo;Lc;K1r [Lc];0.63;0.87;2.64;2717.61;952.88;2.41;3.14;4499.00;4.92;3.09;3.34E-04;2.81E-04;15.92;400.67;
LS3-12-01;LSS-36;LSS-36;1109577.65;1241228.24;1588.00;Fm. Los Santos;K1ls_ms;arenisca;Ar;K1ls_ms [Ar];5.65;9.98;2.64;165891.06;543.84;10.96;9.70;2497.00;0.72;0.26;1.12E-05;2.03E-05;-80.66;433.44;
LS4-01-01;LSS-37;LSS-37;1109373.95;1241750.62;1613.00;Fm. Los Santos;K1ls_ms;arenisca;Ar;K1ls_ms [Ar];3.24;16.28;2.64;69611.62;643.84;15.45;8.70;1997.00;0.62;0.21;5.88E-06;1.55E-06;73.57;0.18;
LS4-02-01;LSS-38;LSS-38;1109408.61;1242475.75;1669.00;Fm. Los Santos;K1ls_ms;arenisca;Ar;K1ls_ms [Ar];3.84;8.91;2.62;131111.59;726.31;14.94;4.75;3141.00;12.92;6.04;3.04E-06;2.32E-06;23.56;310.11;
LS4-03-01;LSS-39;LSS-39;1108010.09;1243616.04;1667.00;Fm. Los Santos;K1ls_ms;arenisca;Ar;K1ls_ms [Ar];4.04;5.77;2.63;71051.37;222.22;11.71;7.56;3288.00;6.72;2.36;6.51E-07;4.04E-07;37.91;982.97;
LS4-04-01;LSS-40;LSS-40;1107074.64;1243480.22;1603.00;Fm. Los Santos;K1ls_ms;arenisca;Ar;K1ls_ms [Ar];5.91;7.12;2.64;215718.70;505.80;13.75;11.60;3949.00;4.12;1.30;3.14E-07;5.99E-07;-90.68;1094.58;
LS4-06-01;LSS-41;LSS-41a;1106473.27;1243617.84;1534.00;Fm. Los Santos;K1ls_ms;arenisca;Ar;K1ls_ms [Ar];4.10;7.59;2.63;278506.69;1252.46;8.64;13.03;3816.00;3.82;1.24;2.92E-06;1.37E-06;53.07;809.60;
LS4-06-01b;LSS-41;LSS-41b;1106473.27;1243617.84;1534.00;Fm. Los Santos;K1ls_ms;arenisca;Ar;K1ls_ms [Ar];3.63;6.81;2.63;132129.75;948.48;5.48;10.36;3755.00;4.82;1.58;4.97E-06;1.16E-06;76.60;809.60;
LS4-12-01;LSS-42;LSS-42;1108010.80;1244487.58;1675.00;Fm. Los Santos;K1ls_ms;arenisca;Ar;K1ls_ms [Ar];2.84;7.26;2.65;4707.74;165.35;2.60;13.70;2624.00;2.32;0.76;1.02E-05;8.11E-06;20.39;369.44;
LS4-14-01;LSS-43;LSS-43a;1108413.14;1244914.45;1650.00;Fm. Los Santos;K1ls_ms;arenisca;Ar;K1ls_ms [Ar];6.71;8.16;2.64;307703.05;719.02;13.35;11.56;1956.00;2.12;0.69;3.62E-06;2.05E-06;43.33;0.07;
LS4-14-01b;LSS-43;LSS-43b;1108413.14;1244914.45;1650.00;Fm. Los Santos;K1ls_ms;arenisca;Ar;K1ls_ms [Ar];5.47;7.75;2.58;84271.86;862.70;6.44;9.31;2142.00;3.52;2.22;5.68E-06;1.25E-06;78.06;0.07;
LS4-17-01;LSS-44;LSS-44a;1108589.39;1245474.21;1701.00;Fm. Los Santos;K1ls_ms;arenisca;Ar;K1ls_ms [Ar];3.32;6.94;2.62;1754373.31;1061.59;48.45;9.35;2491.00;6.12;1.96;7.63E-06;9.28E-06;-21.58;478.54;
LS4-17-01b;LSS-44;LSS-44b;1108589.39;1245474.21;1701.00;Fm. Los Santos;K1ls_ms;arenisca;Ar;K1ls_ms [Ar];3.72;7.54;2.62;157792.29;288.28;8.85;4.91;1200.00;3.52;2.21;1.63E-06;1.17E-06;28.34;478.54;
LS4-18-01;LSS-45;LSS-45;1110764.64;1244062.69;1660.00;Fm. Los Santos;K1ls_ms;arenisca;Ar;K1ls_ms [Ar];3.94;9.08;2.63;308869.64;1379.77;6.48;3.40;3817.00;12.52;4.04;3.04E-06;5.11E-06;-68.25;338.39;
LS4-19-01;LSS-46;LSS-46;1109410.57;1245488.11;1681.00;Fm. Los Santos;K1ls_ms;arenisca;Ar;K1ls_ms [Ar];3.11;14.86;2.64;8288.11;115.13;4.78;7.47;1575.00;0.22;0.14;5.55E-06;1.31E-06;76.37;509.99;
LS4-21-01;LSS-47;LSS-47a;1109326.40;1245961.58;1658.00;Fm. Los Santos;K1ls_ms;arenisca;Ar;K1ls_ms [Ar];4.12;7.00;2.62;51212.1;590.1;9.53;13.33;3612.00;3.12;1.45;6.95E-06;8.55E-06;-23.07;247.89;
LS4-21-01b;LSS-47;LSS-47b;1109326.40;1245961.58;1658.00;Fm. Los Santos;K1ls_ms;arenisca;Ar;K1ls_ms [Ar];3.95;6.56;2.64;187115.72;1364.94;10.63;14.87;3649.00;3.32;1.32;3.52E-06;7.83E-07;77.77;247.89;
LS5-01-01;LSS-48;LSS-48a;1103845.55;1246352.62;1122.00;Fm. Los Santos;K1ls_ms;arenisca;Ar;K1ls_ms [Ar];1.70;7.46;2.63;463241.77;2418.57;18.37;15.53;3210.00;9.42;2.89;6.36E-06;2.18E-06;65.71;218.33;
LS5-01-01b;LSS-48;LSS-48b;1103845.55;1246352.62;1122.00;Fm. Los Santos;K1ls_ms;arenisca;Ar;K1ls_ms [Ar];2.20;11.60;2.57;33321.09;1953.93;4.12;11.59;2020.00;4.62;2.86;4.33E-06;6.28E-06;-45.06;218.33;
LS5-02-01;LSS-49;LSS-49;1102828.94;1247249.91;1045.00;Fm. Los Santos;K1ls_ms;arenisca;Ar;K1ls_ms [Ar];5.43;11.99;2.64;1251.52;68.89;5.05;6.21;3389.00;4.72;2.20;5.82E-05;5.26E-05;9.68;322.07;
LS5-03-01;LSS-50;LSS-50;1100682.97;1245715.33;1062.00;Fm. Rosablanca;K1r;arenisca;Ar;K1r [Ar];4.35;8.69;2.66;2582162.39;1523.14;84.69;5.16;2001.00;7.82;2.38;1.61E-05;1.12E-05;30.74;118.09;
LS5-04-01;LSS-51;LSS-51;1104154.90;1241372.42;1234.00;Fm. Rosablanca;K1r;biomicrita;Bm;K1r [Bm];0.86;0.79;2.66;2067.04;768.62;5.69;10.29;3583.00;11.12;3.43;6.99E-05;9.05E-05;-29.40;301.39;
LS5-05-01;LSS-52;LSS-52a;1103015.67;1240579.45;1278.00;Fm. Paja;K1p;lodo calcareo;Lc;K1p [Lc];3.67;3.34;2.61;113938.02;800.63;5.91;4.54;4111.00;6.02;1.94;1.02E-04;8.72E-05;14.60;842.50;
LS5-05-01b;LSS-52;LSS-52b;1103015.67;1240579.45;1278.00;Fm. Paja;K1p;lodo calcareo;Lc;K1p [Lc];3.84;2.38;2.57;15257.22;664.40;4.89;4.56;3999.00;2.82;1.75;1.07E-04;9.74E-05;9.31;842.50;
LS5-06-01;LSS-53;LSS-53;1101615.45;1241174.80;1272.00;Fm. Tablazo;K1t;biomicrita;Bm;K1t [Bm];0.30;0.74;2.68;297345.86;20440.74;10.51;3.33;5348.00;7.62;2.44;2.35E-05;3.54E-05;-50.40;1118.32;
LS5-07-01;LSS-54;LSS-54;1101022.97;1242413.54;1225.00;Fm. Tablazo;K1t;biomicrita;Bm;K1t [Bm];0.76;1.74;2.69;91121.52;5592.77;3.08;13.00;3875.00;9.62;3.98;2.10E-05;5.74E-06;72.67;78.43;
LS5-08-01;LSS-55;LSS-55;1098792.84;1242406.13;923.00;Fm. Paja;K1p;lodo calcareo;Lc;K1p [Lc];0.29;1.27;2.00;8060.75;192.48;3.25;3.36;4071.00;5.92;2.59;1.03E-04;8.22E-05;19.90;52.11;
LS5-09-01;LSS-56;LSS-56a;1099616.07;1240997.17;1127.00;Fm. Paja;K1p;biomicrita;Bm;K1p [Bm];8.74;11.70;2.90;45763.08;764.22;10.78;5.43;4711.00;7.02;2.46;4.04E-04;4.13E-04;-2.29;291.46;
LS5-09-01b;LSS-56;LSS-56b;1099616.07;1240997.17;1127.00;Fm. Paja;K1p;biomicrita;Bm;K1p [Bm];29.59;10.57;2.81;76532.99;2836.10;10.83;4.51;4908.00;5.02;3.14;2.86E-04;2.91E-04;-1.68;291.46;
LS5-10-01;LSS-57;LSS-57;1100729.20;1240235.66;1115.00;Fm. Paja;K1p;arenisca calcarea;Ac;K1p [Ac];1.49;2.39;2.64;1391.68;275.78;3.47;5.83;2775.00;6.32;2.04;7.55E-05;8.87E-05;-17.47;48.63;
Ls5-11;LSS-58;LSS-58;1111407.79;1244998.87;1644.00;Fm. Los Santos;K1ls_ms;arenisca;Ar;K1ls_ms [Ar];6.03;8.87;2.65;1034276.27;775.63;31.67;12.72;2197.00;2.22;0.68;3.71E-06;6.42E-06;-73.29;714.26;
LS7-18a;LSS-59;LSS-59a;1106524.97;1244688.60;1610.00;Fm. Los Santos;K1ls_ms;arenisca;Ar;K1ls_ms [Ar];3.51;5.84;2.64;139472.51;1054.76;8.55;14.61;3774.00;6.92;2.13;9.53E-07;2.19E-07;77.03;201.88;
LS7-18b;LSS-59;LSS-59b;1106524.97;1244688.60;1610.00;Fm. Los Santos;K1ls_ms;arenisca;Ar;K1ls_ms [Ar];4.14;8.11;2.58;125955.80;593.37;8.13;10.25;1633.00;1.42;0.88;8.84E-07;1.66E-07;81.25;201.88;
Ls6-11a;LSS-60;LSS-60a;1114629.24;1243290.94;1271.00;Silgara;Oss;esquisto;Es;Oss [Es];2.11;4.11;2.74;292.46;50.15;6.38;8.69;2212.00;0.72;0.45;2.10E-04;2.02E-04;4.09;632.64;
Ls6-11b;LSS-60;LSS-60b;1114629.24;1243290.94;1271.00;Silgara;Oss;esquisto;Es;Oss [Es];2.65;6.26;2.75;165.76;219.81;4.10;10.91;1331.00;2.12;1.32;2.37E-04;2.18E-04;7.93;632.64;
Ls6-11c;LSS-60;LSS-60c;1114629.24;1243290.94;1271.00;Silgara;Oss;esquisto;Es;Oss [Es];2.57;3.58;2.70;3944.13;336.52;5.20;12.88;2578.00;0.92;0.38;3.15E-04;3.30E-04;-4.74;632.64;
LS6-11d;LSS-60;LSS-60d;1114629.24;1243290.94;1271.00;Silgara;Oss;esquisto;Es;Oss [Es];2.84;0.40;2.78;513.27;211.95;5.83;14.60;3705.00;1.42;0.62;3.65E-04;3.64E-04;0.39;632.64;
Ls6-11e;LSS-60;LSS-60e;1114629.24;1243290.94;1271.00;Silgara;Oss;esquisto;Es;Oss [Es];2.04;0.45;2.78;1411.16;170.07;5.33;10.18;4341.00;0.42;0.22;5.26E-04;5.16E-04;1.98;632.64;
LSS-64a;LSS-64;LSS-64a;1105897.39;1239513.62;1312.00;Fm. Rosablanca;K1r;biomicrita;Bm;K1r [Bm];1.23;3.94;2.65;606.30;267.56;5.15;5.39;5800.00;4.40;4.87;7.32E-05;1.04E-04;-42.58;65.28;
LSS-64b;LSS-64;LSS-64b;1105897.39;1239513.62;1312.00;Fm. Rosablanca;K1r;biomicrita;Bm;K1r [Bm];1.65;1.32;2.58;585.03;304.85;5.34;5.99;1243.00;4.10;4.62;6.56E-05;7.61E-05;-15.99;65.28;
LSS-65a;LSS-65;LSS-65a;1105363.91;1238414.81;1400.00;Fm. Rosablanca;K1r;caliza;Ca;K1r [Ca];4.89;0.20;2.15;4554.81;281.15;3.30;6.64;5532.00;1.60;0.81;9.66E-06;2.74E-06;71.66;634.09;
LSS-65b;LSS-65;LSS-65b;1105363.91;1238414.81;1400.00;Fm. Rosablanca;K1r;caliza;Ca;K1r [Ca];16.29;0.30;2.28;13630.27;382.64;4.21;6.87;5248.00;3.50;4.08;8.03E-06;5.44E-06;32.23;634.09;
LSS-65c;LSS-65;LSS-65c;1105363.91;1238414.81;1400.00;Fm. Rosablanca;K1r;caliza;Ca;K1r [Ca];17.44;0.80;2.24;42134.36;360.49;5.24;6.58;5309.00;3.00;3.46;8.98E-06;1.60E-05;-78.13;634.09;
LS6-12;LSS-66;LSS-66;1114642.59;1243865.40;1246.00;Silgara;Oss;esquisto;Es;Oss [Es];0.99;0.37;2.80;2593.46;814.06;2.82;5.62;2124.00;4.92;1.58;3.16E-04;2.94E-04;6.95;432.72;
LSS-66a;LSS-66;LSS-66a;1104668.28;1238416.91;1400.00;Fm. Rosablanca;K1r;caliza;Ca;K1r [Ca];4.46;4.77;2.47;256244.33;3852.70;17.77;2.91;774.00;5.00;5.55;1.23E-05;1.51E-05;-22.53;0.35;
LSS-66b;LSS-66;LSS-66b;1104668.28;1238416.91;1400.00;Fm. Rosablanca;K1r;caliza;Ca;K1r [Ca];4.53;0.45;2.43;180043.97;3898.44;11.47;2.77;1347.00;4.70;5.32;7.57E-06;3.70E-06;51.16;0.35;
LS6-13;LSS-67;LSS-67;1114152.38;1244080.74;1422.00;Fm. Jordan;J1-2j;arenisca;Ar;J1-2j [Ar];1.38;1.90;2.63;8950.41;684.46;4.07;13.16;3405.00;15.32;6.20;6.27E-05;5.57E-05;11.19;266.89;
LSS-67a;LSS-67;LSS-67a;1102197.82;1238038.33;1212.00;Fm. Los Santos;K1ls_ms;arenisca;Ar;K1ls_ms [Ar];2.26;3.37;2.58;5811.39;578.39;3.68;10.44;5406.00;6.00;6.77;2.99E-05;3.18E-06;89.38;127.06;
LSS-67b;LSS-67;LSS-67b;1102197.82;1238038.33;1212.00;Fm. Los Santos;K1ls_ms;arenisca;Ar;K1ls_ms [Ar];2.44;4.16;2.60;32728.37;3658.44;4.90;7.62;3694.00;5.30;5.97;6.31E-06;9.10E-06;-44.31;127.06;
LSS-67c;LSS-67;LSS-67c;1102197.82;1238038.33;1212.00;Fm. Los Santos;K1ls_ms;arenisca;Ar;K1ls_ms [Ar];2.41;5.75;2.64;33301.74;5211.36;5.20;7.28;5618.00;2.80;3.16;3.95E-06;2.44E-06;38.19;127.06;
LSS-67d;LSS-67;LSS-67d;1102197.82;1238038.33;1212.00;Fm. Rosablanca;K1r;biomicrita;Bm;K1r [Bm];2.98;1.00;2.55;15221.25;3151.18;4.24;5.39;4130.00;2.90;3.27;2.10E-04;2.00E-04;4.96;127.06;
LSS-67e;LSS-67;LSS-67e;1102197.82;1238038.33;1212.00;Fm. Rosablanca;K1r;biomicrita;Bm;K1r [Bm];3.69;0.20;2.50;11877.18;3424.65;3.12;5.73;1645.00;1.30;1.50;1.50E-04;2.15E-04;-43.18;127.06;
LSS-67f;LSS-67;LSS-67f;1102197.82;1238038.33;1212.00;Fm. Rosablanca;K1r;biomicrita;Bm;K1r [Bm];1.68;0.10;2.56;18350.52;2489.72;3.62;5.38;4212.00;2.60;3.02;2.36E-04;2.11E-04;10.79;127.06;
LSS-67g;LSS-67;LSS-67g;1102197.82;1238038.33;1212.00;Fm. Rosablanca;K1r;biomicrita;Bm;K1r [Bm];2.15;0.50;2.69;4652.67;1840.47;3.10;5.74;5096.00;3.50;3.97;3.32E-04;3.20E-04;3.55;127.06;
LS6-14;LSS-68;LSS-68;1113826.28;1244500.01;1631.00;Fm. Jordan;J1-2j;arenisca;Ar;J1-2j [Ar];1.28;10.12;2.86;26583.43;756.03;6.06;15.55;3149.00;15.82;4.81;6.11E-05;6.50E-05;-6.37;87.10;
LSS-68a;LSS-68;LSS-68a;1103179.90;1237976.17;1301.00;Fm. Rosablanca;K1r;biomicrita;Bm;K1r [Bm];0.49;2.52;2.74;496176.16;7236.97;18.45;2.75;3918.00;4.20;4.77;2.86E-05;3.58E-05;-24.89;180.15;
LSS-68b;LSS-68;LSS-68b;1103179.90;1237976.17;1301.00;Fm. Rosablanca;K1r;biomicrita;Bm;K1r [Bm];0.82;7.39;2.85;1096692.68;9189.87;44.12;2.89;4811.00;3.10;3.46;2.21E-05;1.15E-06;94.80;180.15;
LSS-69;LSS-69;LSS-69;1104116.94;1238041.90;1365.00;Fm. Rosablanca;K1r;biomicrita;Bm;K1r [Bm];0.33;13.14;2.94;582745.72;6217.81;37.30;2.58;1607.00;4.40;4.90;3.14E-05;9.82E-06;68.78;237.47;
LSS-70a;LSS-70;LSS-70a;1104805.25;1239193.39;1368.00;Fm. Rosablanca;K1r;lodo calcareo;Lc;K1r [Lc];19.24;1.00;2.49;24075.02;221.22;7.67;9.41;4174.00;1.20;1.34;5.71E-05;1.52E-05;73.44;236.57;
LSS-70b;LSS-70;LSS-70b;1104805.25;1239193.39;1368.00;Fm. Rosablanca;K1r;lodo calcareo;Lc;K1r [Lc];16.71;1.35;2.48;17304.37;172.18;14.24;9.62;4233.00;0.70;0.39;5.72E-05;3.84E-05;32.77;236.57;
LSS-71a;LSS-71;LSS-71a;1105311.78;1239752.84;1322.00;Fm. Rosablanca;K1r;biomicrita;Bm;K1r [Bm];1.25;1.21;2.78;1466.66;605.34;4.04;6.40;4414.00;1.60;1.76;2.55E-04;2.21E-04;13.37;167.72;
LSS-71b;LSS-71;LSS-71b;1105311.78;1239752.84;1322.00;Fm. Rosablanca;K1r;biomicrita;Bm;K1r [Bm];1.89;2.14;2.76;950.74;352.46;4.49;7.91;3387.00;1.70;1.95;1.94E-04;1.90E-04;2.30;167.72;
LSS-71c;LSS-71;LSS-71c;1105311.78;1239752.84;1322.00;Fm. Rosablanca;K1r;biomicrita;Bm;K1r [Bm];1.51;3.64;2.76;1470.42;643.17;4.00;8.04;4684.00;4.70;3.01;2.37E-04;2.37E-04;0.05;167.72;
LSS-72a;LSS-72;LSS-72a;1105211.10;1240503.71;1306.00;Fm. Rosablanca;K1r;arenisca calcarea;Ac;K1r [Ac];4.08;13.47;2.74;103799.47;624.41;8.93;5.04;5191.00;6.70;7.08;1.65E-04;1.34E-04;18.44;162.54;
LSS-72b;LSS-72;LSS-72b;1105211.10;1240503.71;1306.00;Fm. Rosablanca;K1r;arenisca calcarea;Ac;K1r [Ac];4.00;6.51;2.64;120122.78;702.25;8.58;5.66;3571.00;6.80;5.21;1.30E-04;9.66E-05;25.65;162.54;
LSS-72c;LSS-72;LSS-72c;1105211.10;1240503.71;1306.00;Fm. Rosablanca;K1r;arenisca calcarea;Ac;K1r [Ac];5.15;9.63;2.59;64666.72;547.31;6.16;6.07;1790.00;4.40;5.02;1.75E-04;1.20E-04;31.27;162.54;
LSS-73a;LSS-73;LSS-73a;1104332.24;1239836.35;1336.00;Fm. Paja;K1p;biomicrita;Bm;K1p [Bm];2.31;3.81;2.77;85513.88;2318.32;9.53;8.09;1267.00;3.60;4.02;7.89E-05;5.86E-05;25.71;290.07;
LSS-73b;LSS-73;LSS-73b;1104332.24;1239836.35;1336.00;Fm. Paja;K1p;biomicrita;Bm;K1p [Bm];2.78;5.15;2.76;222953.81;1820.32;17.95;8.81;2059.00;4.30;4.81;9.69E-05;7.20E-05;25.69;290.07;
LSS-74a;LSS-74;LSS-74a;1104788.97;1240191.17;1288.00;Fm. Rosablanca;K1r;caliza;Ca;K1r [Ca];0.53;0.20;2.71;240314.68;6306.36;14.62;3.09;4866.00;4.60;5.22;7.56E-05;6.75E-05;10.71;265.83;
LSS-74b;LSS-74;LSS-74b;1104788.97;1240191.17;1288.00;Fm. Rosablanca;K1r;caliza;Ca;K1r [Ca];0.50;0.10;2.77;75531.34;3264.79;9.95;3.65;5462.00;5.00;5.76;8.03E-05;6.13E-05;23.66;265.83;
LSS-75a;LSS-75;LSS-75a;1104486.53;1241596.10;1279.00;Fm. Rosablanca;K1r;caliza;Ca;K1r [Ca];17.12;7.41;2.24;11314.34;87.68;8.89;5.13;4121.00;1.80;1.99;7.27E-06;7.97E-06;-9.73;697.04;
LSS-75b;LSS-75;LSS-75b;1104486.53;1241596.10;1279.00;Fm. Rosablanca;K1r;caliza;Ca;K1r [Ca];13.28;6.25;2.30;30965.81;319.00;9.38;5.07;5155.00;4.90;5.57;6.35E-06;5.53E-06;12.97;697.04;
LSS-75c;LSS-75;LSS-75c;1104486.53;1241596.10;1279.00;Fm. Rosablanca;K1r;caliza;Ca;K1r [Ca];19.13;1.05;1.96;8144.93;271.06;4.75;4.35;5685.00;0.50;0.50;7.07E-06;4.55E-06;35.65;697.04;
LSS-76a;LSS-76;LSS-76a;1102121.95;1240645.11;1318.00;Fm. Tablazo;K1t;biomicrita;Bm;K1t [Bm];2.73;1.38;2.63;78583.73;3250.51;6.76;4.13;4692.00;4.50;5.05;1.12E-04;9.94E-05;10.98;764.15;
LSS-76b;LSS-76;LSS-76b;1102121.95;1240645.11;1318.00;Fm. Tablazo;K1t;biomicrita;Bm;K1t [Bm];5.60;8.20;2.66;32514.81;1768.59;7.89;5.11;5393.00;5.00;3.60;1.41E-04;1.24E-04;11.85;764.15;
LSS-76c;LSS-76;LSS-76c;1102121.95;1240645.11;1318.00;Fm. Tablazo;K1t;biomicrita;Bm;K1t [Bm];5.76;1.43;2.42;80206.67;2221.70;11.59;5.50;5093.00;4.00;4.05;2.32E-04;2.25E-04;3.11;764.15;
LSS-77a;LSS-77;LSS-77a;1101893.72;1240805.04;1318.00;Fm. Tablazo;K1t;biomicrita;Bm;K1t [Bm];0.67;1.28;2.64;1520721.64;3141.68;79.03;2.32;4812.00;3.00;3.38;3.00E-05;1.05E-05;64.86;918.79;
LSS-77b;LSS-77;LSS-77b;1101893.72;1240805.04;1318.00;Fm. Tablazo;K1t;biomicrita;Bm;K1t [Bm];0.56;0.20;2.60;863528.61;5646.77;40.10;2.53;5305.00;4.30;4.93;2.28E-05;8.04E-06;64.76;918.79;
LSS-77c;LSS-77;LSS-77c;1101893.72;1240805.04;1318.00;Fm. Tablazo;K1t;biomicrita;Bm;K1t [Bm];0.35;0.10;2.58;162796.64;8724.49;15.14;2.93;5181.00;5.10;4.10;1.15E-05;4.02E-06;65.09;918.79;
LSS-78a;LSS-78;LSS-78a;1101336.42;1242118.74;1258.00;Fm. Tablazo;K1t;biomicrita;Bm;K1t [Bm];3.53;7.87;2.68;127366.73;3492.62;7.34;10.38;4785.00;2.20;2.42;1.35E-05;1.57E-05;-16.04;215.05;
LSS-78b;LSS-78;LSS-78b;1101336.42;1242118.74;1258.00;Fm. Tablazo;K1t;biomicrita;Bm;K1t [Bm];1.71;5.14;2.69;225497.95;2060.40;7.94;6.55;3249.00;2.20;2.45;6.84E-06;2.85E-06;58.34;215.05;
LSS-78c;LSS-78;LSS-78c;1101336.42;1242118.74;1258.00;Fm. Tablazo;K1t;biomicrita;Bm;K1t [Bm];2.58;1.24;2.65;82629.29;2807.53;3.77;7.06;5142.00;2.90;2.96;4.23E-06;5.96E-06;-40.97;215.05;
LSS-79a;LSS-79;LSS-79a;1100692.75;1242856.87;1191.00;Fm. Tablazo;K1t;biomicrita;Bm;K1t [Bm];3.90;3.11;2.58;2634.70;472.19;2.19;9.99;2004.00;3.30;3.69;4.15E-05;3.74E-05;9.67;476.91;
LSS-79b;LSS-79;LSS-79b;1100692.75;1242856.87;1191.00;Fm. Tablazo;K1t;biomicrita;Bm;K1t [Bm];3.04;0.10;2.51;2078.76;293.81;3.21;12.81;5995.00;5.00;3.80;2.15E-05;1.66E-05;22.57;476.91;
LSS-80a;LSS-80;LSS-80a;1099903.42;1243601.96;1025.00;Fm. Paja;K1p;caliza;Ca;K1p [Ca];1.35;0.92;2.61;552936.80;9937.68;21.50;3.10;5904.00;4.40;4.96;8.20E-06;3.07E-06;62.50;338.92;
LSS-80b;LSS-80;LSS-80b;1099903.42;1243601.96;1025.00;Fm. Paja;K1p;caliza;Ca;K1p [Ca];1.72;8.29;2.78;232926.21;3412.66;7.98;3.22;1260.00;3.80;4.28;7.88E-06;1.24E-05;-57.97;338.92;
LSS-80c;LSS-80;LSS-80c;1099903.42;1243601.96;1025.00;Fm. Paja;K1p;caliza;Ca;K1p [Ca];2.79;0.83;2.61;622279.12;6745.08;13.14;3.44;5272.00;3.20;3.69;2.74E-05;1.91E-05;30.29;338.92;
LSS-80d;LSS-80;LSS-80d;1099903.42;1243601.96;1025.00;Fm. Paja;K1p;caliza;Ca;K1p [Ca];0.86;0.30;2.60;266240.46;7511.75;7.97;2.76;5602.00;3.00;3.48;5.03E-06;4.79E-06;4.77;338.92;
LSS-81a;LSS-81;LSS-81a;1099418.41;1243797.27;982.00;Fm. Rosablanca;K1r;caliza;Ca;K1r [Ca];0.89;0.10;2.58;202529.42;1898.11;7.98;2.61;5393.00;2.90;3.32;7.39E-06;2.76E-06;62.70;361.49;
LSS-81b;LSS-81;LSS-81b;1099418.41;1243797.27;982.00;Fm. Rosablanca;K1r;caliza;Ca;K1r [Ca];0.27;0.11;2.62;119410.40;3670.72;4.99;2.46;5098.00;3.70;3.79;6.43E-06;1.49E-06;76.77;361.49;
LSS-81c;LSS-81;LSS-81c;1099418.41;1243797.27;982.00;Fm. Rosablanca;K1r;caliza;Ca;K1r [Ca];0.53;0.12;2.59;181192.62;6363.72;7.36;2.45;5380.00;2.70;3.13;9.27E-06;8.01E-06;13.64;361.49;
LSS-82a;LSS-82;LSS-82a;1102835.09;1242844.48;1153.00;Fm. Rosablanca;K1r;caliza;Ca;K1r [Ca];0.63;0.16;2.71;10459.12;2731.28;4.09;3.65;1194.00;6.40;7.07;1.96E-04;1.80E-04;8.22;422.39;
LSS-82b;LSS-82;LSS-82b;1102835.09;1242844.48;1153.00;Fm. Rosablanca;K1r;caliza;Ca;K1r [Ca];0.55;0.23;2.70;47578.475;3582.258;9.681;3.597;4843.00;9.60;10.78;2.16E-04;1.96E-04;9.36;422.39;
LSS-83a;LSS-83;LSS-83a;1102299.70;1245266.86;1195.00;Fm. Rosablanca;K1r;arenisca calcarea;Ac;K1r [Ac];10.47;19.59;2.74;148230.65;797.19;20.33;6.41;1372.00;1.50;1.68;2.34E-04;2.14E-04;8.36;360.58;
LSS-83b;LSS-83;LSS-83b;1102299.70;1245266.86;1195.00;Fm. Rosablanca;K1r;arenisca calcarea;Ac;K1r [Ac];6.26;18.57;2.87;440459.41;2932.24;50.54;8.12;3058.00;5.10;5.68;2.22E-04;1.94E-04;12.51;360.58;
LSS-83c;LSS-83;LSS-83c;1102299.70;1245266.86;1195.00;Fm. Rosablanca;K1r;arenisca calcarea;Ac;K1r [Ac];1.29;5.47;2.87;292160.36;2956.38;29.04;3.31;4287.00;9.50;9.58;4.78E-04;4.68E-04;2.08;360.58;
LSS-84a;LSS-84;LSS-84a;1107554.41;1238265.37;1360.00;Fm. Rosablanca;K1r;biomicrita;Bm;K1r [Bm];1.64;1.43;2.69;404.09;175.01;4.51;5.85;1261.00;4.10;4.65;6.83E-05;5.47E-05;19.95;528.10;
LSS-84b;LSS-84;LSS-84b;1107554.41;1238265.37;1360.00;Fm. Rosablanca;K1r;biomicrita;Bm;K1r [Bm];1.67;0.37;2.66;384.18;169.99;5.54;6.34;1251.00;3.20;3.60;6.08E-05;4.88E-05;19.72;528.10;
LSS-84c;LSS-84;LSS-84c;1107554.41;1238265.37;1360.00;Fm. Rosablanca;K1r;biomicrita;Bm;K1r [Bm];2.00;0.21;2.50;693.97;353.97;8.16;8.12;5789.00;6.20;6.21;5.80E-05;4.54E-05;21.67;528.10;
LSS-85a;LSS-85;LSS-85a;1106789.62;1238370.52;1407.00;Fm. Rosablanca;K1r;arenisca calcarea;Ac;K1r [Ac];12.68;9.16;2.38;25642.29;923.63;8.40;8.76;1350.00;1.60;1.68;4.00E-04;3.87E-04;3.29;383.25;
LSS-85b;LSS-85;LSS-85b;1106789.62;1238370.52;1407.00;Fm. Rosablanca;K1r;arenisca calcarea;Ac;K1r [Ac];16.33;32.93;2.93;110223.91;366.77;21.97;6.35;1454.00;0.50;0.58;4.33E-04;4.04E-04;6.69;383.25;
LSS-85c;LSS-85;LSS-85c;1106789.62;1238370.52;1407.00;Fm. Rosablanca;K1r;arenisca calcarea;Ac;K1r [Ac];14.46;26.53;2.79;40362.26;458.59;14.88;6.93;5073.00;1.50;1.68;3.82E-04;3.63E-04;4.90;383.25;
LSS-85d;LSS-85;LSS-85d;1106789.62;1238370.52;1407.00;Fm. Rosablanca;K1r;arenisca calcarea;Ac;K1r [Ac];13.51;19.33;2.65;94643.67;708.15;17.07;6.06;2933.00;1.70;1.91;3.12E-04;2.96E-04;5.12;383.25;
LSS-85e;LSS-85;LSS-85e;1106789.62;1238370.52;1407.00;Fm. Rosablanca;K1r;arenisca calcarea;Ac;K1r [Ac];16.25;13.41;2.27;5822.74;194.55;7.63;9.27;4723.00;0.70;0.72;3.15E-04;2.73E-04;13.23;383.25;
LSS-85f;LSS-85;LSS-85f;1106789.62;1238370.52;1407.00;Fm. Rosablanca;K1r;arenisca calcarea;Ac;K1r [Ac];16.54;23.12;2.70;52969.92;867.227;14.147;8.842;1767.00;1.80;1.83;3.96E-04;3.70E-04;6.67;383.25;
LSS-86a;LSS-86;LSS-86a;1105311.69;1237639.21;1333.00;Fm. Rosablanca;K1r;biomicrita;Bm;K1r [Bm];0.85;0.23;2.73;16660.19;1238.31;4.42;8.25;4745.00;3.00;3.40;3.64E-05;8.91E-06;75.50;429.34;
LSS-86b;LSS-86;LSS-86b;1105311.69;1237639.21;1333.00;Fm. Rosablanca;K1r;biomicrita;Bm;K1r [Bm];1.96;2.11;2.66;17409.41;1669.84;3.39;6.00;5426.00;2.80;3.17;4.69E-05;2.87E-05;38.85;429.34;
LSS-87a;LSS-87;LSS-87a;1103949.12;1240990.96;1241.00;Fm. Rosablanca;K1r;lodo calcareo;Lc;K1r [Lc];8.96;0.35;2.58;311.92;63.53;3.04;5.14;1651.00;1.10;1.27;8.18E-05;5.86E-05;28.42;110.12;
LSS-87b;LSS-87;LSS-87b;1103949.12;1240990.96;1241.00;Fm. Rosablanca;K1r;lodo calcareo;Lc;K1r [Lc];7.25;0.50;2.56;149.95;26.88;4.33;6.30;5267.00;1.10;1.22;6.40E-05;4.26E-05;33.39;110.12;
LSS-87c;LSS-87;LSS-87c;1103949.12;1240990.96;1241.00;Fm. Rosablanca;K1r;lodo calcareo;Lc;K1r [Lc];9.69;0.44;2.45;195.28;42.61;4.76;6.36;5449.00;1.30;1.33;7.65E-05;6.62E-05;13.51;110.12;
Ls3-3;LSS-88;LSS-88;1107332.32;1246077.60;1620.00;Fm. Los Santos;K1ls_ms;arenisca;Ar;K1ls_ms [Ar];7.07;5.30;2.45;8155.38;161.24;6.54;9.32;937.73;3.73;1.14;1.90E-06;2.55E-06;-33.96;0.24;
Ls3-8;LSS-89;LSS-89;1108494.89;1239088.49;1403.00;Fm. Rosablanca;K1r;caliza;Ca;K1r [Ca];1.89;0.50;2.63;25852.49;2651.92;9.15;4.55;1767.96;7.01;2.93;1.01E-04;1.00E-04;0.57;223.61;
Ls3-10;LSS-90;LSS-90;1108698.18;1238854.11;1420.00;Fm. Rosablanca;K1r;caliza;Ca;K1r [Ca];0.72;0.32;2.67;2717.19;1584.83;5.63;4.70;2235.81;4.94;3.11;2.26E-04;1.96E-04;13.20;532.88;
Ls4-5;LSS-91;LSS-91;1106930.84;1243588.70;1621.00;Fm. Los Santos;K1ls_ms;arenisca;Ar;K1ls_ms [Ar];7.43;1.47;2.29;1505.99;69.23;4.65;13.21;1338.21;1.33;0.49;5.29E-06;9.77E-06;-84.54;959.60;
Ls4-7;LSS-92;LSS-92;1106536.58;1243597.27;1558.00;Fm. Los Santos;K1ls_ms;arenisca;Ar;K1ls_ms [Ar];3.84;1.65;2.46;35356.64;756.65;5.05;8.54;1512.11;7.72;1.85;2.39E-06;1.87E-06;21.68;852.72;
Ls4-8;LSS-93;LSS-93;1106546.36;1243635.30;1562.00;Fm. Los Santos;K1ls_ms;arenisca;Ar;K1ls_ms [Ar];4.87;0.50;2.43;52216.391;764.32;9.065;12.821;1875.40;2.30;0.74;3.28E-06;2.36E-06;27.91;819.92;
Ls4-9;LSS-94;LSS-94;1108356.00;1239098.18;1376.00;Fm. Rosablanca;K1r;caliza;Ca;K1r [Ca];2.48;0.02;2.56;6223.126;1825.45;11.338;7.695;2034.98;6.82;2.71;7.96E-05;7.26E-05;8.90;150.39;
Ls4-10;LSS-95;LSS-95;1106649.60;1243545.54;1594.00;Fm. Los Santos;K1ls_ms;arenisca;Ar;K1ls_ms [Ar];5.08;5.20;2.55;188402.00;903.40;9.33;10.29;1796.98;8.12;5.11;3.09E-06;1.42E-06;54.08;938.18;
Ls4-11a;LSS-96;LSS-96a;1106688.92;1243510.55;1600.00;Fm. Los Santos;K1ls_ms;arenisca;Ar;K1ls_ms [Ar];2.99;0.21;2.50;53634.02;1468.61;5.37;14.15;2000.98;4.12;1.23;2.10E-06;1.29E-06;38.44;982.91;
Ls4-11b;LSS-96;LSS-96b;1106688.92;1243510.55;1600.00;Fm. Los Santos;K1ls_ms;arenisca;Ar;K1ls_ms [Ar];3.70;2.51;2.55;68937.50;1223.77;8.39;14.07;1749.03;4.32;1.12;7.27E-06;4.44E-06;38.95;982.91;
Ls4-15;LSS-97;LSS-97;1108226.39;1244837.57;1666.00;Fm. Los Santos;K1ls_ms;arenisca;Ar;K1ls_ms [Ar];9.15;0.32;2.25;23200.45;619.24;5.62;15.38;1393.58;0.92;0.21;8.31E-06;7.42E-06;10.79;201.24;
Ls4-16;LSS-98;LSS-98;1108252.99;1245057.94;1688.00;Fm. Los Santos;K1ls_ms;arenisca;Ar;K1ls_ms [Ar];5.10;0.90;2.47;181150.64;658.51;14.23;7.58;1575.38;14.52;5.54;4.44E-06;4.77E-06;-7.46;48.40;
Ls4-20;LSS-99;LSS-99;1109354.30;1245570.42;1702.00;Fm. Los Santos;K1ls_ms;arenisca;Ar;K1ls_ms [Ar];5.44;0.12;2.27;680500.52;840.55;10.50;3.12;1747.44;2.93;1.41;5.69E-06;1.07E-05;-88.46;492.37;
